json_path,sentence_idx,sentence_text,sentence_hash
"['modules', 0, 'title']",0,Intro to Sustainable Energy for Development,7655c6362cd3919074071d053b77007896a1160c9a68c64ab87d95fe034f2d86
"['modules', 0, 'description']",0,"Module 1 offers an overview of sustainable energy within the global development agenda, linking it to challenges like climate change and energy poverty, and opportunities for economic growth and energy security.",883796d9dd2f55a1f3647263aed87c97a9473fa4bd40f3e64311596fe6151e5c
"['modules', 0, 'description']",1,"It introduces SDG7, its progress, and interlinkages, while presenting UNDP’s Energy Moonshot and the Sustainable Energy Academy’s tools for accelerating energy transitions.",db80cea971bc8905c8a076e77e3f03bb402b174fa165d946d1915c9aaf780fa0
"['modules', 0, 'chapters', 0, 'title']",0,Module 1 Introduction,7be3824d14678d9b4af5ba14144b7c048440ec5976c6277f7d5f575eced00775
"['modules', 0, 'chapters', 0, 'lessons', 0, 'title']",0,Module 1 Preface,1c928b45cfab9d472ddffe9052b85496cd3f20ed9ba58831a2217b453ba709b4
"['modules', 0, 'chapters', 0, 'lessons', 0, 'description']",0,Preface to the module and overview of what’s ahead.,f5ecec049b1aa464ee90b2b3bb012c193d9ad12648df9e6d5febafbb1ed67170
"['modules', 0, 'chapters', 0, 'lessons', 1, 'title']",0,Module 1 Introduction,7be3824d14678d9b4af5ba14144b7c048440ec5976c6277f7d5f575eced00775
"['modules', 0, 'chapters', 0, 'lessons', 1, 'description']",0,Introduction and learning objectives for Module 1,f75c2db5fe21b5f77c9da350b1529af5265d95c94f41e2ff3a0088a4e19a5195
"['modules', 0, 'chapters', 1, 'title']",0,Chapter 1: <strong>Introduction to Energy Systems</strong>,e958717cd2f73629801f95b1ebba81cc1bef2ffeb35e7a0af736fb6d5febbe56
"['modules', 0, 'chapters', 1, 'description']",0,"This chapter explores global energy flows, the energy trilemma, and the urgent need for a sustainable transition to meet climate and development goals.",84e5ec176bca1de7afc427162c05244f3ee4df0ed451e1108c04e0d1046ce298
"['modules', 0, 'chapters', 1, 'lessons', 0, 'title']",0,Chapter 1 Introduction,4967392e984184d343aa7f07af423fbd17562cc0b2dccfe55404d5e8cfb2ba6b
"['modules', 0, 'chapters', 1, 'lessons', 1, 'title']",0,Lesson 1: <strong>The Great Energy Dilemma: Paradoxes of Sustainable Development</strong>,9c9045b1a475fc05a97f79bc0294ca3ffa6500f927e03e67651e791082e1ccd1
"['modules', 0, 'chapters', 1, 'lessons', 1, 'description']",0,Understanding the role of sustainable energy for human well-being and development,29e327f852cd9f303e11f6e028ff3df456d4e3087e3ad21ec5587fda5f278830
"['modules', 0, 'chapters', 1, 'lessons', 2, 'title']",0,Lesson 2: <strong>Energy as a Driver for Development</strong>,1b55d32b0d9c4a940106dc61a0f4d1f0c1b8940ddac1424838a53f8e4516ed98
"['modules', 0, 'chapters', 1, 'lessons', 2, 'description']",0,Exploring the benefits of sustainable energy and examining the energy transition,56016ac4f37aedf25e67615b0fcfc335e7bec11243d13e807c4fee20308595c2
"['modules', 0, 'chapters', 1, 'lessons', 3, 'title']",0,Lesson 3: <strong>The Sustainable Energy Landscape</strong>,941a9cda6b99ce8189ad7b6d6d1e92ee31f12592423dcbec8a6d9f07f8fce883
"['modules', 0, 'chapters', 1, 'lessons', 4, 'title']",0,Chapter 1 Outro,a3066505c8df5f13f89d934abff6b85d7b0ab812d7553e6b61927d746cc6b4d2
"['modules', 0, 'chapters', 1, 'lessons', 4, 'description']",0,Outro of the chapter and wrap-up.,106690cf445cf90197d996d0a49c12e84d3f1aa1b4576fad0eecee9ad8ecc035
"['modules', 0, 'chapters', 2, 'title']",0,Chapter 2: <strong>Interlinkages between Energy and Other SDGs</strong>,ee9cdfae218860b7784297f3d46c0c77aa5fa1238f770b79a599aac2594d5005
"['modules', 0, 'chapters', 2, 'description']",0,"This chapter explores SDG interlinkages, emphasizing integrated, context-specific energy solutions that maximize synergies, minimize trade-offs, and advance multiple development goals.",5a11fa7109aea0a496efe26161d600212f6b71244af6b5726cb9fd147c45c414
"['modules', 0, 'chapters', 2, 'lessons', 0, 'title']",0,Chapter 2 Introduction,2ed4868b4179970a36b304c2d2993b7551e0cc7800a8bb07746aedfdd47af7f1
"['modules', 0, 'chapters', 2, 'lessons', 1, 'title']",0,Lesson 1: <strong>Access to electricity and clean cooking‚ÄØ(SDG 7.1)</strong>,125af0078a356b3ee6c475405e0a983d95cb23c86bc7d2b50a22dbb44ee987da
"['modules', 0, 'chapters', 2, 'lessons', 1, 'description']",0,Catalyzing progress across the SDGs through universal energy access,035949a8ffeb4f7ec9cb2136e9d28bf8426bdf3ab897372b46806d7bd430c778
"['modules', 0, 'chapters', 2, 'lessons', 2, 'title']",0,Lesson 2: <strong>Renewable energy (SDG 7.2)</strong>,e7859e8b1bc35f56c39664cd6b5b3c8d991a6c7a2674fa03a1567a69e1a8c817
"['modules', 0, 'chapters', 2, 'lessons', 2, 'description']",0,Leveraging the SDG synergies and navigating the trade-offs in the energy transition,852cd9c6d00f898a8bee43f83266ab0f9472c902928ab27d1d3afaadfa970b90
"['modules', 0, 'chapters', 2, 'lessons', 3, 'title']",0,Lesson 3: <strong>Energy Efficiency (SDG 7.3)</strong>,8fb2c8274f59d1e6c1548129c4cd6920550a51d216919b17a1acee5e97ff5ca3
"['modules', 0, 'chapters', 2, 'lessons', 3, 'description']",0,Improving energy efficiency for building sustainable and resilient socieities,bc470ffbfe73724e3e699681712a0857aca47ebb45b5008c9829ed0d97b15436
"['modules', 0, 'chapters', 2, 'lessons', 4, 'title']",0,Chapter 2 Outro,9f04c62d7cc6e967f6b54a472f357aa0f9576e8ad0be7d680c87501be42ed47f
"['modules', 0, 'chapters', 2, 'lessons', 4, 'description']",0,Outro of the chapter and wrap-up.,106690cf445cf90197d996d0a49c12e84d3f1aa1b4576fad0eecee9ad8ecc035
"['modules', 0, 'chapters', 3, 'title']",0,Chapter 3: <strong>Regions</strong>,dfec97926e1ed0c770932f2241fb12eeb426f0f553b57a3376c8c6748fd43dc8
"['modules', 0, 'chapters', 3, 'description']",0,"This chapter describes approaches and methods currently being applied - within the UN system and beyond - to uncover system interconnections, policy coherence and strengthen integration across the SDGs.",7bf75e645d58cbdf0cf80e94be064ba53c9127feb47f40f736254b026b25069d
"['modules', 0, 'chapters', 3, 'lessons', 0, 'title']",0,Chapter 3 Introduction,8d1c3d7a5df58afb8b557914dad0c461b59c8a3716413be614f24ea1fee47853
"['modules', 0, 'chapters', 3, 'lessons', 1, 'title']",0,Lesson 1: <strong>Arab  States</strong>,33c53bb1ac7c05140752d73ce79df1b54c54463d912388f48313d6277e0ba122
"['modules', 0, 'chapters', 3, 'lessons', 1, 'description']",0,sustainable energy in the Arab states,ede8179eb9b69c738be0fedb2ccfa4eedb10c332d9390565fecb1077c151b2b2
"['modules', 0, 'chapters', 3, 'lessons', 2, 'title']",0,Lesson 2: <strong>Latin America and the Caribbean</strong>,7970d5918166b523ac6456028050270e6b1518a7f4a19589790819563a5fb8f7
"['modules', 0, 'chapters', 3, 'lessons', 2, 'description']",0,Sustainable energy in Latin America and the Caribbeans,7b943fce2042a09b58d89253f3ecdb3c609ff5ec21a9c0c36cb6907d38d9f50b
"['modules', 0, 'chapters', 3, 'lessons', 3, 'title']",0,Lesson 3: <strong>Africa</strong>,68b88f5c8c4d612bd27a6a574755dad998d51b6bdc2cddb27105174396460bc6
"['modules', 0, 'chapters', 3, 'lessons', 3, 'description']",0,Sustainable energy in Africa,e0c5ba76dff2be2b8d45329856e46841db361ab0a648b41071bfab9d5affc448
"['modules', 0, 'chapters', 3, 'lessons', 4, 'title']",0,Lesson 4: <strong>Asia and the Pacific</strong>,53fb9e2c9d7b77cbb8f21d2fe5e2a6e2a4d8306643dfc5483d0230ecc772f728
"['modules', 0, 'chapters', 3, 'lessons', 4, 'description']",0,Sustainable energy in Asia Pacific,efe0c48a0396a358a99572736da5e287c22f3f5b87c7d87908915a465b316676
"['modules', 0, 'chapters', 3, 'lessons', 5, 'title']",0,Lesson 5: <strong>Eastern Europe and Central Asia</strong>,47e58e180c81d529ed8189973651fcec28ade4ec310b7f1c607957a0e3f8f455
"['modules', 0, 'chapters', 3, 'lessons', 5, 'description']",0,Sustainable energy in Eastern Europe and Central Asia,c80723e1aac4ba0408d93cfaf83faf097dc312fbd71464b7ae591760f282162f
"['modules', 0, 'chapters', 3, 'lessons', 6, 'title']",0,Chapter 3 Outro,962c4d3e9dfd699621d61cf50219c50ceef5fcd121b12becf3d40a30067cdead
"['modules', 0, 'chapters', 3, 'lessons', 6, 'description']",0,Outro of the chapter and wrap-up.,106690cf445cf90197d996d0a49c12e84d3f1aa1b4576fad0eecee9ad8ecc035
"['modules', 0, 'chapters', 4, 'title']",0,"Chapter 4: <strong>Approaches, Methods and Tools for Strategic Innovation</strong>",12ba08dce9baf80c27a0ef11ef219f6791c3a9408a1805f03c3118575329f41b
"['modules', 0, 'chapters', 4, 'description']",0,"This chapter explores methods, approaches, and tools to operationalize the energy for development approach.",a6c8f73fa7b257bb0424780a1bd5bf38086e052857fca5c6cd23b71626e74970
"['modules', 0, 'chapters', 4, 'lessons', 0, 'title']",0,Chapter 4 Introduction,ce4b99880b283251257679b1822a12012774bb667a46ff4b5b039806826d8bab
"['modules', 0, 'chapters', 4, 'lessons', 1, 'title']",0,Lesson 1: <strong>Leveraging Cross-Cutting Approaches to Drive Systemic Change</strong>,1d5cbfc18398a62685f3802dfed3a74eab520a6af050608f321f3ed3ded314dc
"['modules', 0, 'chapters', 4, 'lessons', 1, 'description']",0,Adopting varied approaches and tools to deliver the energy transition,52070d670bdef7ec757cd5bb046d33029e7b1ba2889ce6c5d78fc60653702758
"['modules', 0, 'chapters', 4, 'lessons', 2, 'title']",0,Lesson 2: <strong>Addressing SDG7 Trade-offs for Sustainable Outcomes</strong>,b7c1cd1be9e1c0ff32dfe3ddf87535c458e9756a8722124d415cec4c21df35ea
"['modules', 0, 'chapters', 4, 'lessons', 2, 'description']",0,"Africa‚Äôs energy transition is a transformative opportunity to address energy poverty, unlock green growth, and foster inclusive development.",f797cd2db6e473c4299ede682d165eafa28db46e8d399349c546facba61292f0
"['modules', 0, 'chapters', 4, 'lessons', 3, 'title']",0,Lesson 3: <strong>Scaling Strategies that Enable Equitable Energy Transitions</strong>,251dec1f4a572fd9b8ac7f91877c240dd63b9d21b2ed161cabc2881b5d6b99b3
"['modules', 0, 'chapters', 4, 'lessons', 4, 'title']",0,Chapter 4 Outro,55a03eecae1c33be8c71f9b7ec2993e44e30636848d76f862e1179d465e5c699
"['modules', 0, 'chapters', 4, 'lessons', 4, 'description']",0,Outro of the chapter and wrap-up.,106690cf445cf90197d996d0a49c12e84d3f1aa1b4576fad0eecee9ad8ecc035
"['modules', 0, 'chapters', 5, 'title']",0,Module 1 Outro,46c656a283236898257448d445221a7db82ac8f6b5e8d7cab2583ff40d5a4b3c
"['modules', 0, 'chapters', 5, 'description']",0,"Module 1 offers an overview of sustainable energy within the global development agenda, linking it to challenges like climate change and energy poverty, and opportunities for economic growth and energy security.",883796d9dd2f55a1f3647263aed87c97a9473fa4bd40f3e64311596fe6151e5c
"['modules', 0, 'chapters', 5, 'description']",1,"It introduces SDG7, its progress, and interlinkages, while presenting UNDP’s Energy Moonshot and the Sustainable Energy Academy’s tools for accelerating energy transitions.",db80cea971bc8905c8a076e77e3f03bb402b174fa165d946d1915c9aaf780fa0
"['modules', 0, 'chapters', 5, 'lessons', 0, 'title']",0,Module 1 Quiz,b97a96d9908bb6e77b1acd207b771cef49cf50f543b22a7bef646ebd3ad8fe06
"['modules', 0, 'chapters', 5, 'lessons', 0, 'description']",0,Test your understanding of all lessons in this module.,126719e4d0a6d8494be6872dbe0147a08117ef9b6058e98dc406d80e229e9f8f
"['modules', 0, 'chapters', 5, 'lessons', 1, 'title']",0,Module 1 Outro,46c656a283236898257448d445221a7db82ac8f6b5e8d7cab2583ff40d5a4b3c
"['modules', 1, 'title']",0,Energy Access and Inclusive Energy Services,c4239ac138a237fa5da39f2b3df8e02feecf31d8ab452f41882a9b63e5448660
"['modules', 1, 'description']",0,"Module 2 explores energy access and inclusive energy services as fundamental human rights and essential to social progress, economic growth, and development.",e34d0a672992e5c97a179f046441d54cabfa52d7b048ee5ff8edea5fc3eb7b90
"['modules', 1, 'description']",1,"It addresses persistent global gaps—where 685 million lack access—and highlights how the sustainable energy transition can correct imbalances, improve lives, and deliver equitable, safe, and affordable energy for all.",d197c0173e8d36671e4b0ffae62402e392dbd24ae44b68da4298d498b15eb3ee
"['modules', 1, 'chapters', 0, 'title']",0,Module 2 Introduction,6ed4d51ab7a68a5e7fe0a657ec23c7b2a7902f10a1873a33acdcc9b9ce9759f2
"['modules', 1, 'chapters', 0, 'lessons', 0, 'title']",0,Module 2 Introduction,6ed4d51ab7a68a5e7fe0a657ec23c7b2a7902f10a1873a33acdcc9b9ce9759f2
"['modules', 1, 'chapters', 0, 'lessons', 0, 'description']",0,Introduction and learning objectives for Module 2,62aea7660c1669ee3284a6007d0a1dd6fb39a5373f75decb08ce2670068d3928
"['modules', 1, 'chapters', 1, 'title']",0,"Chapter 1: <strong>Understanding Energy Access: Concepts, Context, and Background</strong>",4b1468d0be91f90a6c0744f6bbee6502c7862762209139db24c837f33a2679a7
"['modules', 1, 'chapters', 1, 'description']",0,"This chapter explores energy access as a human right and a catalyst for unlocking development opportunities, examines energy poverty, and presents solutions to advance equitable, inclusive, and sustainable energy.",ea3aa15e57201103d3f3aa9ffe05000754ab1b55cd48887f389c2ed35f634533
"['modules', 1, 'chapters', 1, 'lessons', 0, 'title']",0,Chapter 1 Introduction,4967392e984184d343aa7f07af423fbd17562cc0b2dccfe55404d5e8cfb2ba6b
"['modules', 1, 'chapters', 1, 'lessons', 1, 'title']",0,Lesson 1: <strong>Energy Access - Core Concepts</strong>,9bbb16fbdea3b1df0bb0c3ed0cbedd4b5bf994ffcf12d275aa8d99b2691009dd
"['modules', 1, 'chapters', 1, 'lessons', 1, 'description']",0,"This lesson offers a global overview of energy access, highlighting its critical role in human rights, poverty reduction, and inclusive sustainable development.",6389ec1f8f7a1db51d2aa8decbf9e0ffce1544065467cc6e0637c1090287e566
"['modules', 1, 'chapters', 1, 'lessons', 2, 'title']",0,Lesson 2: <strong>Sustainable Energy to power development</strong>,10537b5ad61bbffc4a80640a92580994a8a630d5cf8f2249df046ef42c15a781
"['modules', 1, 'chapters', 1, 'lessons', 2, 'description']",0,"This lesson focuses on  the critical requirements to ensure sustainable energy access, including the building blocks of sustainable energy access",194aa53fd5978ff4bf2c440061701cb4c99194bb93ea465e4779230719c9f6a1
"['modules', 1, 'chapters', 1, 'lessons', 3, 'title']",0,Lesson 3: <strong>Energy Poverty and Fuel Poverty</strong>,fd8b5c574afb161326910608b752f900c9ee4247f25e5568c1ca6a7a2d49ca18
"['modules', 1, 'chapters', 1, 'lessons', 3, 'description']",0,"This lesson covers the reality of energy poverty, its causes and impacts, and the tools to measure the challenge of addressing this issue",ffa944178b0a35032c583aea811c125f24c8c65897e6a1007573770a6fb0fcd4
"['modules', 1, 'chapters', 1, 'lessons', 4, 'title']",0,Chapter 1 Outro,a3066505c8df5f13f89d934abff6b85d7b0ab812d7553e6b61927d746cc6b4d2
"['modules', 1, 'chapters', 1, 'lessons', 4, 'description']",0,Outro of the chapter and wrap-up.,106690cf445cf90197d996d0a49c12e84d3f1aa1b4576fad0eecee9ad8ecc035
"['modules', 1, 'chapters', 2, 'title']",0,"Chapter 2: <strong>Current Status, Trends and Barriers to Energy Access</strong>",ee4f37d544b45f965b63c66e791fdbc0ae419f5b7f3f117eefc5efd68953ac72
"['modules', 1, 'chapters', 2, 'description']",0,"This chapter analyzes global energy access disparities, highlighting barriers, trends, and solutions to improve access for underserved and marginalized populations.",aae4028d07dfd53c9c201b48c1f68712abe4cb182ba17b3dd122b154583d9f52
"['modules', 1, 'chapters', 2, 'lessons', 0, 'title']",0,Chapter 2 Introduction,2ed4868b4179970a36b304c2d2993b7551e0cc7800a8bb07746aedfdd47af7f1
"['modules', 1, 'chapters', 2, 'lessons', 1, 'title']",0,Lesson 1: <strong>The Energy Access Landscape</strong>,0f7bf9d1bb11549c4ae250de57a90f610f369bec87bfa7b813249bbd3b511206
"['modules', 1, 'chapters', 2, 'lessons', 1, 'description']",0,This lesson provides an overview of the key characteristics and statistics of the disparities in access to energy services,742ec3c930c1f26eb8e6300c02fa6066b452060b50c4276865c390c200c7ca23
"['modules', 1, 'chapters', 2, 'lessons', 2, 'title']",0,Lesson 2: <strong>Status and Trends</strong>,08d914c070d5abd46d83525137adb25298655984570c1025d49db7fed1e436fc
"['modules', 1, 'chapters', 2, 'lessons', 2, 'description']",0,"This lesson focuses on current status and trends on the global energy gap including access to fundamental energy needs: electricity, clean cooking, heating and cooling.",cd960100b17780da6929046e13cefd032129b51ac120e50b8693a945830e51ac
"['modules', 1, 'chapters', 2, 'lessons', 2, 'description']",1,Each part examines the unique challenges aand progress withtin these critical areas,45b9073c9489a812d43c37aea11a4fbc7a7da6ab7880c6c58d918aab41c5f4dc
"['modules', 1, 'chapters', 2, 'lessons', 3, 'title']",0,Lesson 3: <strong>Challenges for universal energy access</strong>,2a48d9d9e1f9b519485bcafbd82c2ea8530ec8db7915bff4d284b16a27bed342
"['modules', 1, 'chapters', 2, 'lessons', 3, 'description']",0,"This lesson explores the complex challenges obstructing equitable acccess to sustainable energy, highlighting issues in infrastructure and capacity, uneven distirbtuion of investments and the need for comprehensive measurement approaches.",80c9228fe71bd17b6471f3b132596b4347abe10e6c58324983c361ea882c5a2b
"['modules', 1, 'chapters', 2, 'lessons', 4, 'title']",0,Chapter 2 Outro,9f04c62d7cc6e967f6b54a472f357aa0f9576e8ad0be7d680c87501be42ed47f
"['modules', 1, 'chapters', 2, 'lessons', 4, 'description']",0,Outro of the chapter and wrap-up.,106690cf445cf90197d996d0a49c12e84d3f1aa1b4576fad0eecee9ad8ecc035
"['modules', 1, 'chapters', 3, 'title']",0,Chapter 3: <strong>Bridging the Energy Access Gap</strong>,f8a144358064c267a7a41a95d9bef20deb1481b875510eb85d4e40b4a8c0b65f
"['modules', 1, 'chapters', 3, 'description']",0,"This chapter guides building energy systems centered on well-being, justice, and sustainability, emphasizing innovation, inclusivity, partnerships, and community-led solutions.",e8598f3edb2c85853ffc9a7c1a4baa733f82c5c6a1b322e333309aa7c869153f
"['modules', 1, 'chapters', 3, 'lessons', 0, 'title']",0,Chapter 3 Introduction,8d1c3d7a5df58afb8b557914dad0c461b59c8a3716413be614f24ea1fee47853
"['modules', 1, 'chapters', 3, 'lessons', 1, 'title']",0,Lesson 1: <strong>An Intersectional Approach</strong>,8626f4a9e748db1d89f9b3c7177eab1eb3670741529ec561391a659befea2aef
"['modules', 1, 'chapters', 3, 'lessons', 1, 'description']",0,This lesson explores  how an intersectional approach can transform energy access by addressing the overlapping identities that shape people's experience and challenges.,21fe5f540cc462e35af0c7acf4bbc9006248c2fd7a71079315618d2f289f0f5d
"['modules', 1, 'chapters', 3, 'lessons', 1, 'description']",1,The lesson presents practical strategies to operationalize intersectionality in sustainable energy acces sprogramming.,a8725cba16fff562d4b1fdf2a8842537b5394da7149726374452b1ba6458d125
"['modules', 1, 'chapters', 3, 'lessons', 2, 'title']",0,Lesson 2: <strong>Technological Solutions</strong>,df08188c14c819f3de4580ab27a3261f648cfd4274bb452e434a986eda507402
"['modules', 1, 'chapters', 3, 'lessons', 2, 'description']",0,The lesson highlights the key technological solutions that can accelerate the path towards universal energy access while supporting the transition to clean energy.,5a36e1a27d41ce63cae10df8537dd051bd7457cfff740c6a8ef511118a1763a5
"['modules', 1, 'chapters', 3, 'lessons', 3, 'title']",0,Lesson 3: <strong>Financing Mechanisms</strong>,d295c15e28dac5f5c3e72608d3d21fe8e0a4d40c2502be08c99651baf20bef01
"['modules', 1, 'chapters', 3, 'lessons', 3, 'description']",0,This lesson explains how financing mechanisms can incentivize energy access and inclusive energy services with a focus on underserved and vulnerable communities.,12c471c62081553db965424a02a851074e31664176d2114473eddc60094b8943
"['modules', 1, 'chapters', 3, 'lessons', 4, 'title']",0,Lesson 4: <strong>Policy Frameworks</strong>,4c0546a55e2daafec408d583e76e980161b997cb83097e30046553c835679135
"['modules', 1, 'chapters', 3, 'lessons', 4, 'description']",0,"This lesson explores three policy instruments: subsidies, tax incentives and regulatory reforms, and how they contribute to the promotion of sustainable energy solutions.",cd9e62fce37c36d7c5c2d460f968bf7f4bfd0ebe21a80c95f636083d069b7df3
"['modules', 1, 'chapters', 3, 'lessons', 5, 'title']",0,Lesson 5: <strong>Collaborative Multi-Stakeholder Partnerships</strong>,f6994da08d1bf4d0c8a14763248ff867691bc43b2231aa5384be53978b803ab7
"['modules', 1, 'chapters', 3, 'lessons', 5, 'description']",0,"This lesson explores the importance of multi-stakeholder partnerships and the role of international organizations, NGOs, development agencies, the private sector and local communities in advancing energy access objectives, as well as the associated challenges and conflicts.",e786f9729ed1c942ab5d9e12300e844b80dd492fb335ae164681bcfba8f1c9e5
"['modules', 1, 'chapters', 3, 'lessons', 6, 'title']",0,Chapter 3 Outro,962c4d3e9dfd699621d61cf50219c50ceef5fcd121b12becf3d40a30067cdead
"['modules', 1, 'chapters', 3, 'lessons', 6, 'description']",0,Outro of the chapter and wrap-up.,106690cf445cf90197d996d0a49c12e84d3f1aa1b4576fad0eecee9ad8ecc035
"['modules', 1, 'chapters', 4, 'title']",0,Module 2 Outro,0929b96a37a85040745b90ac4eca907b4271d676af8edbdd1fade1d1a72ba6e2
"['modules', 1, 'chapters', 4, 'description']",0,"Module 2 explores energy access and inclusive energy services as fundamental human rights and essential to social progress, economic growth, and development.",e34d0a672992e5c97a179f046441d54cabfa52d7b048ee5ff8edea5fc3eb7b90
"['modules', 1, 'chapters', 4, 'description']",1,"It addresses persistent global gaps—where 685 million lack access—and highlights how the sustainable energy transition can correct imbalances, improve lives, and deliver equitable, safe, and affordable energy for all.",d197c0173e8d36671e4b0ffae62402e392dbd24ae44b68da4298d498b15eb3ee
"['modules', 1, 'chapters', 4, 'lessons', 0, 'title']",0,Module 2 Quiz,ae0c4f7153d6c227165ce2d1d773964db78687f3288116d6b38ac9db867a202b
"['modules', 1, 'chapters', 4, 'lessons', 0, 'description']",0,Test your understanding of all lessons in this module.,126719e4d0a6d8494be6872dbe0147a08117ef9b6058e98dc406d80e229e9f8f
"['modules', 1, 'chapters', 4, 'lessons', 1, 'title']",0,Module 2 Outro,0929b96a37a85040745b90ac4eca907b4271d676af8edbdd1fade1d1a72ba6e2
"['modules', 2, 'title']",0,Just Energy Transition,3434cacdf440993094f7825d5e2f3a86a424f05d69bba2071eb1370d47e6145e
"['modules', 2, 'description']",0,"Module 3 explores the Just Energy Transition, emphasizing equity, justice, and inclusion in the shift to sustainable energy.",26d149a7c64f4b539b6bf07c170c02c8d343c137b1fa4c1198cfced512434dff
"['modules', 2, 'description']",1,"It addresses social and environmental challenges, promotes locally tailored solutions, and highlights the need for community-led action, worker support, and economic diversification to ensure no one is left behind in the transition.",92d4a960abf601312fce30aa1669beb655b02dd44e3e113bdbf1966725b21ec1
"['modules', 2, 'chapters', 0, 'title']",0,Module 3 Introduction,9e477cd05f4960e4354aa8b27d2f2c4327c8bf2063afc3b88354a7c2d0d27542
"['modules', 2, 'chapters', 0, 'lessons', 0, 'title']",0,Module 3 Introduction,9e477cd05f4960e4354aa8b27d2f2c4327c8bf2063afc3b88354a7c2d0d27542
"['modules', 2, 'chapters', 0, 'lessons', 0, 'description']",0,Introduction and learning objectives for Module 3,c5a430375b18ba437a04ba9ab01ed16563824ed213b18969d33486ea66506a33
"['modules', 2, 'chapters', 1, 'title']",0,Chapter 1: <strong>Introduction to the Energy Transition Landscape</strong>,2c399850c6ac14cdf5be893da1e1d928bcc6e3438dc83bf24e61c7fa34c958c6
"['modules', 2, 'chapters', 1, 'description']",0,"This chapter introduces the just energy transition, highlighting its social, gender, and ethical dimensions beyond decarbonization, and explores practical applications.",b96c279baf2063f7ade60a5458706c0ea481aae3ca433b6d4aaefed281c32145
"['modules', 2, 'chapters', 1, 'lessons', 0, 'title']",0,Chapter 1 Introduction,4967392e984184d343aa7f07af423fbd17562cc0b2dccfe55404d5e8cfb2ba6b
"['modules', 2, 'chapters', 1, 'lessons', 1, 'title']",0,Lesson 1: <strong>The Energy Transition In Context</strong>,0da5bb2f8d75e00d4219078df4b57c1a2b299d531e6f1026afe566cea5e751f2
"['modules', 2, 'chapters', 1, 'lessons', 1, 'description']",0,"This lesson will explore how a just transition is about more than just technical solutions or policy frameworks; it is about addressing deep-rooted socio-economic disparities, fostering participatory governance, and empowering all stakeholders to engage in the transition process.",b2dd975a35f4c66b365f628a98286e5a833bf92997c0484b13f89d44b50048a4
"['modules', 2, 'chapters', 1, 'lessons', 2, 'title']",0,Lesson 2: <strong>Unpacking The Concept Of A Just Energy Transition</strong>,1b99884c8d0d533a0424a107842d362895d59b5ed54098bc44e669a73736ee67
"['modules', 2, 'chapters', 1, 'lessons', 2, 'description']",0,"This lesson outlines the just energy transition, focusing on fairness, equity, and inclusivity in sustainable energy shifts.",3d60f2e2f266e77f3155210f5776cc86ad6859a48dded812bcc54e7c8b6ac870
"['modules', 2, 'chapters', 1, 'lessons', 2, 'description']",1,"Originating from labor rights, it addresses historical inequities through environmental, climate, and energy justice.",fa779b707af9ea9da7c24437a6e58ef98bf7b9792a655c4f3c3e64a58aa85a2e
"['modules', 2, 'chapters', 1, 'lessons', 2, 'description']",2,It highlights localized solutions and global frameworks like the AJET principles to balance urgent climate action with social and economic justice.,18a212b62f7c86c378c7b7a9dd8d005dccd9228327b3127b9de20577c71296af
"['modules', 2, 'chapters', 1, 'lessons', 3, 'title']",0,Lesson 3: <strong>Key Challenges In The Global South</strong>,58a2966674f28ddf58ef9ccff4a4c6771e5d17e390c5420e9ec12c9316ca4ac6
"['modules', 2, 'chapters', 1, 'lessons', 3, 'description']",0,This lesson delves into the specific challenges and opportunities that developing countries face in the context of the just energy transition.,a531b7f33a374844f9ec74ca125a108239dd6d6cec0a6c1021d982f55a837cf2
"['modules', 2, 'chapters', 1, 'lessons', 3, 'description']",1,"By examining these dynamics, we aim to shed light on strategies and initiatives that can facilitate a transition towards a more sustainable and equitable energy future for all.",4580fdb761d6d1bcd2c6c178f0b5de2fa400e4d8737e677a0eff12fe89110026
"['modules', 2, 'chapters', 1, 'lessons', 4, 'title']",0,Chapter 1 Outro,a3066505c8df5f13f89d934abff6b85d7b0ab812d7553e6b61927d746cc6b4d2
"['modules', 2, 'chapters', 1, 'lessons', 4, 'description']",0,Outro of the chapter and wrap-up.,106690cf445cf90197d996d0a49c12e84d3f1aa1b4576fad0eecee9ad8ecc035
"['modules', 2, 'chapters', 2, 'title']",0,Chapter 2: <strong>Ensuring a Just Transition for Workers and Affected Communities</strong>,adef3c8db6bd0eafadfc4ab01c6f61ff53eb3567e1ee456014c3a60bb6050ef9
"['modules', 2, 'chapters', 2, 'description']",0,"This chapter explores strategies to support workers and communities, ensuring equity, inclusion, and ethical practices in the sustainable energy transition.",915fae3358c5121524d1d6267b3269c15a22e07518c84af2c2e0b0df6060c822
"['modules', 2, 'chapters', 2, 'lessons', 0, 'title']",0,Chapter 2 Introduction,2ed4868b4179970a36b304c2d2993b7551e0cc7800a8bb07746aedfdd47af7f1
"['modules', 2, 'chapters', 2, 'lessons', 1, 'title']",0,Lesson 1: <strong>Human rights and socio-economic impacts</strong>,90434f4c16398f7647d285c2c096bfdeeb61b7675edc2ff274ff902bf9e16de4
"['modules', 2, 'chapters', 2, 'lessons', 1, 'description']",0,"This lesson addresses human rights and socio-economic challenges in renewable energy transitions, including land displacement, labor rights abuses in mineral extraction, and inequitable benefits.",78edf35a9f823a7c011ea23cd47c1d796628a45aa422b8f81e7d08b53cb9adb5
"['modules', 2, 'chapters', 2, 'lessons', 1, 'description']",1,"It emphasizes inclusive policies, the Escaz√∫ Agreement for environmental democracy, and participatory processes like FPIC to protect indigenous rights and ensure equity.",f6211c5ae7ae563b03c423485d1682ab4c936743c392a77f6d8a3240984dcfca
"['modules', 2, 'chapters', 2, 'lessons', 2, 'title']",0,Lesson 2: <strong>Worker Retraining and Employment Disparities</strong>,688e5f6b882340dadece8402e3dac25c4b6517cb0b037ca20dcde7be815b0a0f
"['modules', 2, 'chapters', 2, 'lessons', 2, 'description']",0,"This lesson focuses on worker retraining and skills development for renewable energy transitions, emphasizing policies to address job displacement, regional disparities, and gender gaps.",ace4c563d2c42439ac58bae78b90bcafda49946ed0fb0fce2a38c4281a47ddd6
"['modules', 2, 'chapters', 2, 'lessons', 3, 'title']",0,Lesson 3: <strong>Social Safety Nets and Income Support</strong>,91a016e1c94df2c78045ae0d2bbb9513319185cfb3ad282014951d27b2058f30
"['modules', 2, 'chapters', 2, 'lessons', 3, 'description']",0,"This lesson focuses on social safety nets and income support in energy transitions, emphasizing measures like Energy Safety Nets (ESNs) to prevent energy poverty and ensure affordability for vulnerable groups.",c10aa04e2baa77973927bc25b2fe8df827f389b6180eabbc8d10722b768b7166
"['modules', 2, 'chapters', 2, 'lessons', 3, 'description']",1,"It highlights targeted subsidies to reduce inequalities, gender-sensitive policies for inclusive access, and the role of these programs in poverty reduction and social stability during shifts to sustainable energy.",d63439301dd5475b3d74392e8fab46fa8de1e1387b09f02d4e55aa6e6749fc99
"['modules', 2, 'chapters', 2, 'lessons', 4, 'title']",0,Chapter 2 Outro,9f04c62d7cc6e967f6b54a472f357aa0f9576e8ad0be7d680c87501be42ed47f
"['modules', 2, 'chapters', 2, 'lessons', 4, 'description']",0,Outro of the chapter and wrap-up.,106690cf445cf90197d996d0a49c12e84d3f1aa1b4576fad0eecee9ad8ecc035
"['modules', 2, 'chapters', 3, 'title']",0,Chapter 3: <strong>A JET that Preserves Nature and Catalyzes Economic Growth</strong>,6a04ceaa9325a608760c8d3d6ff4ca7973e5561ce2833154d6b5cec881c66c3b
"['modules', 2, 'chapters', 3, 'description']",0,"This chapter examines the environmental impacts of the energy transition, highlighting the role of critical minerals and the need for sustainable, equitable practices.",155b23430407302b2f27a12d000cbc5d52ed4daf4468fc182b22db234713461b
"['modules', 2, 'chapters', 3, 'lessons', 0, 'title']",0,Chapter 3 Introduction,8d1c3d7a5df58afb8b557914dad0c461b59c8a3716413be614f24ea1fee47853
"['modules', 2, 'chapters', 3, 'lessons', 1, 'title']",0,Lesson 1: <strong>Critical Minerals and Materials</strong>,9af952b0e0fd94de648807754eb70da24054f2885bfb8b59c454147050f5170c
"['modules', 2, 'chapters', 3, 'lessons', 1, 'description']",0,"This lesson addresses critical minerals essential for renewable energy technologies, highlighting challenges like rising demand, geographic concentration, and environmental/social impacts.",46389ee0cdedec0b37ed9d971062a074ea825b01e3031b14e69c438601a1b870
"['modules', 2, 'chapters', 3, 'lessons', 1, 'description']",1,It emphasizes the need for responsible extraction practices to bridge gaps between policies and on-ground outcomes.,311e19594ee5df65083afc0c8294a4538f38637697b665a0e8ea3845a69d405f
"['modules', 2, 'chapters', 3, 'lessons', 1, 'description']",2,"While offering economic opportunities for resource-rich nations, it underscores risks of resource mismanagement and calls for international cooperation to ensure equitable governance, sustainable development, and a just energy transition.",a486af43644ebf144d38e69fce7b4d34c02aeb699d4e272c3781febc25206388
"['modules', 2, 'chapters', 3, 'lessons', 2, 'title']",0,Lesson 2: <strong>Environmental Concerns of Clean Energy Technology Deployment</strong>,9426fbc23799ade8d0136bc469ef53a060bedb8dc7f18dc2774c8d34bb01498b
"['modules', 2, 'chapters', 3, 'lessons', 2, 'description']",0,"This lesson examines environmental concerns of renewable energy technologies like wind, solar, and hydropower, highlighting challenges such as land use, habitat disruption, water consumption, and hazardous materials.",9e7ac47b56efb287ef877746a0f413dc1e790deb26d7c88af1f1e3b3dd40135f
"['modules', 2, 'chapters', 3, 'lessons', 2, 'description']",1,"While lifecycle assessments show renewables have significantly lower GHG emissions than fossil fuels, the lesson stresses the need for mitigation strategies (e.g., turbine placement, solar panel recycling, habitat protection) to minimize ecological impacts and ensure sustainable deployment.",07f1291307838c66459236ae751ab28e7a3ebfcf61e5f242508de7cf85d7e0df
"['modules', 2, 'chapters', 3, 'lessons', 3, 'title']",0,Lesson 3: <strong>Advancing the Value Chain</strong>,a33b8a7dd88eb59d458eba39200c31ff7e35f7c5e149cd87e7d24960ae8a5911
"['modules', 2, 'chapters', 3, 'lessons', 3, 'description']",0,"This lesson examines advancing the value chain in critical minerals and battery production, emphasizing opportunities for developing nations to shift from raw material exports to high-value processing.",0ae47918bd59c5d03221b5733319c60d73a13deb3be77e8ede5742cf83f257af
"['modules', 2, 'chapters', 3, 'lessons', 3, 'description']",1,"It highlights regional collaboration, vertical integration, and sustainable practices (e.g., recycling) to address socio-environmental impacts.",43c867251d3fe6149017af99865b06c862255b51021e5801fb3c9d20f0ec4f6f
"['modules', 2, 'chapters', 3, 'lessons', 3, 'description']",2,Strategic governance and public-private partnerships are underscored as key drivers for economic resilience and equitable growth in the global energy transition.,a232de22012daa81d54069bfd2c3964f019337c83b8fa696c971472ee9e46abb
"['modules', 2, 'chapters', 3, 'lessons', 4, 'title']",0,Chapter 3 Outro,962c4d3e9dfd699621d61cf50219c50ceef5fcd121b12becf3d40a30067cdead
"['modules', 2, 'chapters', 3, 'lessons', 4, 'description']",0,Outro of the chapter and wrap-up.,106690cf445cf90197d996d0a49c12e84d3f1aa1b4576fad0eecee9ad8ecc035
"['modules', 2, 'chapters', 4, 'title']",0,Chapter 4: <strong>Strategic Governance and Partnership Models for Just Energy Transitions</strong>,a5d3c4d0b2b86cec8d66b3e96467d85907862382cab427049a12c6ef47198c40
"['modules', 2, 'chapters', 4, 'description']",0,"This chapter highlights governance and partnerships as key to just transitions, emphasizing equity, foresight, inclusive planning, and innovative financing like JETPs.",a203d21dfa1d2e27dbf26dabeb3f47ed4367439dd7953465cacf3261cc5306ff
"['modules', 2, 'chapters', 4, 'lessons', 0, 'title']",0,Chapter 4 Introduction,ce4b99880b283251257679b1822a12012774bb667a46ff4b5b039806826d8bab
"['modules', 2, 'chapters', 4, 'lessons', 1, 'title']",0,Lesson 1: <strong>Governance Strategies for a Just Energy Transition</strong>,586dad1c8e9318b8c0982868f296bd008239a5efb49d7c516c8fb38e8562e5c3
"['modules', 2, 'chapters', 4, 'lessons', 1, 'description']",0,"This lesson explores key energy governance strategies employed by UNDP, introduces the concept of energy democracy, and highlights practical examples.",745abddcb8ddac1abbd351623dd5e63263391c3dca5989bee442a405ded18167
"['modules', 2, 'chapters', 4, 'lessons', 2, 'title']",0,Lesson 2: <strong>Community-Led Sustainable Energy Projects and Community-Based Solutions</strong>,8fe8720f33b24e4d85bdb21da0aed28d8c00d4b040f3d4d870dc374db17720b7
"['modules', 2, 'chapters', 4, 'lessons', 2, 'description']",0,This lesson underscores the importance of proactive planning and strategic foresight in navigating the energy transition amid global crises like cost-of-living pressures and geopolitical instability.,80e74849e7581797ba9952d77c74e0008e3fa63c91a2768dcd49206a7c8b9b9c
"['modules', 2, 'chapters', 4, 'lessons', 2, 'description']",1,It highlights the need for collaborative governance and equitable infrastructure transformation to address historical inequities and build resilient systems,146a9089ac2d89fa3852da28d5be26156d07b1d4bc944b3396393f3f2fec1ccb
"['modules', 2, 'chapters', 4, 'lessons', 3, 'title']",0,Lesson 3: <strong>Just Energy Transition Partnerships (JET-P)</strong>,e2b4b29c723869b65baa7c411d3c6d330a02d22528eb2cf47d6e298b893cebb4
"['modules', 2, 'chapters', 4, 'lessons', 3, 'description']",0,This lesson explores Just Energy Transition Partnerships (JET-Ps) as innovative financing mechanisms to support developing nations in shifting from fossil fuels to clean energy.,ddcdd35bd521c0396dc7112b948fbb783bbf0e2c9fe808053115c8e31e110f9d
"['modules', 2, 'chapters', 4, 'lessons', 3, 'description']",1,"It emphasizes blending public and private capital to phase out coal, upgrade grids, and retrain workers.",68818b6fc0dcbd7d83a3218e1fff21b3608fbea9f96d26036ec6dab3feeebff4
"['modules', 2, 'chapters', 4, 'lessons', 3, 'description']",2,"Challenges include ensuring equity, avoiding debt traps, and integrating grassroots priorities into national strategies.",bc713fa4f2163ed1d856f5cde9a916288cf54bb008563d95536acc93609a3050
"['modules', 2, 'chapters', 4, 'lessons', 3, 'description']",3,Effective governance and inclusive frameworks are stressed to balance economic shifts with social justice and accountability.,cd9b29325349bc1ec320d4a1259b8b6afbc44f351191c2c601b2cf8580189e4d
"['modules', 2, 'chapters', 4, 'lessons', 4, 'title']",0,Chapter 4 Outro,55a03eecae1c33be8c71f9b7ec2993e44e30636848d76f862e1179d465e5c699
"['modules', 2, 'chapters', 4, 'lessons', 4, 'description']",0,Outro of the chapter and wrap-up.,106690cf445cf90197d996d0a49c12e84d3f1aa1b4576fad0eecee9ad8ecc035
"['modules', 2, 'chapters', 5, 'title']",0,Module 3 Outro,a1cde4581bc684c95f6b948d73eebd398ff27de333ee37807c4606b26a3890ad
"['modules', 2, 'chapters', 5, 'description']",0,"Module 3 explores the Just Energy Transition, emphasizing equity, justice, and inclusion in the shift to sustainable energy.",26d149a7c64f4b539b6bf07c170c02c8d343c137b1fa4c1198cfced512434dff
"['modules', 2, 'chapters', 5, 'description']",1,"It addresses social and environmental challenges, promotes locally tailored solutions, and highlights the need for community-led action, worker support, and economic diversification to ensure no one is left behind in the transition.",92d4a960abf601312fce30aa1669beb655b02dd44e3e113bdbf1966725b21ec1
"['modules', 2, 'chapters', 5, 'lessons', 0, 'title']",0,Module 3 Quiz,646a5721185fb6be50a8d69e1f4b7c2c33c1fa59977146ac5bc521565585dc27
"['modules', 2, 'chapters', 5, 'lessons', 0, 'description']",0,Test your understanding of all lessons in this module.,126719e4d0a6d8494be6872dbe0147a08117ef9b6058e98dc406d80e229e9f8f
"['modules', 2, 'chapters', 5, 'lessons', 1, 'title']",0,Module 3 Outro,a1cde4581bc684c95f6b948d73eebd398ff27de333ee37807c4606b26a3890ad
"['modules', 3, 'title']",0,Sustainable Energy Finance,1b39f3ee2f0dbfeacd53c077cdfa689d7331f85c4818023e5c426def8e26e642
"['modules', 3, 'description']",0,"Module 4 explores financial and market strategies driving the global energy transition, especially in developing countries.",6ec0d99df4df7b943eceac75632cd787f6bcba2060c1c8fc078bc2bb29e3ad58
"['modules', 3, 'description']",1,"It examines public-private investments, innovative financing, and market dynamics, while addressing barriers like regulatory hurdles and risks.",4d20e64f4ef496afb25d76c4721360bcd90b43b6b005f668edfde1f8b44c3f8a
"['modules', 3, 'description']",2,"It also emphasizes energy finance’s broader development impacts—including gender, social, governance, and environmental dimensions—and practical solutions for scaling investment.",d2c731f873a80f20099d5e0019cc0d128c7ef86e9ac28128d8ebcd0df306ee70
"['modules', 3, 'chapters', 0, 'title']",0,Module 4 Introduction,d6523c7b57ba45d1a6bf815bc07d722a5eb4d53b91ed6790ce65259e09d98557
"['modules', 3, 'chapters', 0, 'lessons', 0, 'title']",0,Module 4 Introduction,d6523c7b57ba45d1a6bf815bc07d722a5eb4d53b91ed6790ce65259e09d98557
"['modules', 3, 'chapters', 0, 'lessons', 0, 'description']",0,Introduction and learning objectives for Module 4,3b9b4f169ebf8a9070c4b1a3a781207cb1182862cb521f0e09e44c06a6d9efe9
"['modules', 3, 'chapters', 1, 'title']",0,Chapter 1: <strong>Introduction to Sustainable Energy Finance and Market Dynamics</strong>,45c9fde29978b70adee1be554f38123264d60aadd5e11c46c95c76cf8f6c17c6
"['modules', 3, 'chapters', 1, 'description']",0,"This chapter explores sustainable energy finance, market dynamics, ESG factors, and investment challenges in aligning capital with global energy transition goals.",f2b8fdb2b5ea789c99ba36d39cb523f84add730343e9d651c360bcdbe33457bd
"['modules', 3, 'chapters', 1, 'lessons', 0, 'title']",0,Chapter 1 Introduction,4967392e984184d343aa7f07af423fbd17562cc0b2dccfe55404d5e8cfb2ba6b
"['modules', 3, 'chapters', 1, 'lessons', 1, 'title']",0,Lesson 1: <strong>Fundamentals of Sustainable Energy Financing</strong>,07ceb89137a9e8f8b12020601d2dbca9c270c546d0bf9fa4699e2a87ebda7ef7
"['modules', 3, 'chapters', 1, 'lessons', 1, 'description']",0,"This lesson introduces sustainable finance, exploring its role in integrating environmental, social, and governance (ESG) factors into financial decision-making to align capital flows with sustainable development goals, promote long-term value creation, and address global challenges such as climate change and social inequality.",45110228e7f465725bfb6cc18b4ec94242a42c94489aa1d5071d21d24913933d
"['modules', 3, 'chapters', 1, 'lessons', 2, 'title']",0,Lesson 2: <strong>The Global Energy Investment Landscape</strong>,4dc23d73c3d987667981c9a1d7eb63076548379ab12f48b31b69ded6fd1c3090
"['modules', 3, 'chapters', 1, 'lessons', 2, 'description']",0,"This lesson introduces the global energy investment landscape, examining the disparities in investment flows between developed and developing countries, the challenges of financing clean energy transitions, and the urgent need for increased capital to bridge the investment gap and align with global climate targets.",fe7946fe6574544ce6f6febf697e7474a5e950e08bf85054f7a2fce9416181f1
"['modules', 3, 'chapters', 1, 'lessons', 3, 'title']",0,Lesson 3: <strong>An Overview of Sustainable Energy Market Dynamics</strong>,55ae64e1b089ff9357f68b4c97d9ea6b568a98a188fcc543a4fe1c2f5a1cf41c
"['modules', 3, 'chapters', 1, 'lessons', 3, 'description']",0,"This lesson explores the mechanisms driving sustainable energy market dynamics, highlighting the shift from fossil fuels to renewables, investment trends, technological advancements, policy frameworks, and the geopolitical and socioeconomic impacts shaping the future of global energy markets.",1ee879b59abbdf839bdb8bb5c4e30981c799aacd13048016e9abdcd7726e4f35
"['modules', 3, 'chapters', 1, 'lessons', 4, 'title']",0,"Lesson 4: <strong>Bankable, Investable and Financeable Transformative Projects</strong>",7cb95756501ead7b5693b6b7f390e88166f75272138d04fd5387d692f9442538
"['modules', 3, 'chapters', 1, 'lessons', 4, 'description']",0,"This lesson explores Investable and Financeable Transformative Projectsand highlights the financial, regulatory, and technical criteria required to attract private and public capital while overcoming challenges such as high capital costs, unclear regulatory frameworks, and inadequate infrastructure in emerging and developing economies.",b14f35c5886f9e9deb05b369be6ec4b9c9d115b8ff719c0f3b114cfbba446c45
"['modules', 3, 'chapters', 1, 'lessons', 5, 'title']",0,Chapter 1 Outro,a3066505c8df5f13f89d934abff6b85d7b0ab812d7553e6b61927d746cc6b4d2
"['modules', 3, 'chapters', 1, 'lessons', 5, 'description']",0,Outro of the chapter and wrap-up.,106690cf445cf90197d996d0a49c12e84d3f1aa1b4576fad0eecee9ad8ecc035
"['modules', 3, 'chapters', 2, 'title']",0,Chapter 2: <strong>Public Sector and Sustainable Energy Finance</strong>,ca5631b2d8262ac2cf4766f71a042e2bc969bb099e6016488be317e79ba021ae
"['modules', 3, 'chapters', 2, 'description']",0,"This chapter highlights how public investments, policies, and incentives catalyze private capital to drive sustainable energy transitions, especially in underserved regions.",c981157f42bd99f4e7ea5bcecbf822d77b585db31b90cc81a6692ff7dd92aa86
"['modules', 3, 'chapters', 2, 'lessons', 0, 'title']",0,Chapter 2 Introduction,2ed4868b4179970a36b304c2d2993b7551e0cc7800a8bb07746aedfdd47af7f1
"['modules', 3, 'chapters', 2, 'lessons', 1, 'title']",0,Lesson 1: <strong>Role of Public Sector in Sustainable Energy Finance</strong>,177040134bb6a7c9ba14a41741f3559f8e2dfa27311f532e81d0767bbf078117
"['modules', 3, 'chapters', 2, 'lessons', 1, 'description']",0,"This lesson explores the crucial role of public sector investment in driving the renewable energy transition by providing financial support, mitigating risks, and fostering an enabling regulatory environment.",89e57c926a1222a29da67db38d37710a7a6943e970f4359948b8469649465445
"['modules', 3, 'chapters', 2, 'lessons', 2, 'title']",0,Lesson 2: <strong>Financial Health Policies and Regulation</strong>,231b2c5b41e189ec0865f939812081a47e018fcffb69b54956f180be80114154
"['modules', 3, 'chapters', 2, 'lessons', 2, 'description']",0,"This lesson explores the importance of identifying, assessing, and mitigating financial risks in the energy sector through tools like stress testing and fiscal risk analysis.¬†",6ab08f97fcd7194486f59a35e902b2147a371683362d8ecd1c4778b31a1e9668
"['modules', 3, 'chapters', 2, 'lessons', 3, 'title']",0,Lesson 3: <strong>The Energy Subsidy Reform</strong>,e3cec1c0f1e40640a31b91151efa3dcc9f2c52a2858d03132b257d35ffac4a53
"['modules', 3, 'chapters', 2, 'lessons', 3, 'description']",0,"This lesson explores the economic, environmental, and fiscal implications of fossil fuel subsidies, emphasizing their role in distorting energy markets, straining public finances, and delaying sustainable energy transitions.¬†",68b212462e090fed4421a62dda6e50f9bd40022436a345113b8d5b7475051642
"['modules', 3, 'chapters', 2, 'lessons', 4, 'title']",0,Chapter 2 Outro,9f04c62d7cc6e967f6b54a472f357aa0f9576e8ad0be7d680c87501be42ed47f
"['modules', 3, 'chapters', 2, 'lessons', 4, 'description']",0,Outro of the chapter and wrap-up.,106690cf445cf90197d996d0a49c12e84d3f1aa1b4576fad0eecee9ad8ecc035
"['modules', 3, 'chapters', 3, 'title']",0,Chapter 3: <strong>Scaling Up Private Sector Investment in Sustainable Energy</strong>,a117e0a2278082b6f7bb993c237d6ae3f13294c13a8e506fd1390d5258733ae2
"['modules', 3, 'chapters', 3, 'description']",0,"This chapter emphasizes private sector’s vital role in energy transition, outlining strategies, tools, and partnerships to overcome investment barriers and risks.",55835da2e261d17a47e2a206d4149ad7664edac8f285e2fa6e1647027bd5d65b
"['modules', 3, 'chapters', 3, 'lessons', 0, 'title']",0,Chapter 3 Introduction,8d1c3d7a5df58afb8b557914dad0c461b59c8a3716413be614f24ea1fee47853
"['modules', 3, 'chapters', 3, 'lessons', 1, 'title']",0,Lesson 1: <strong>Private Sector Investment in Sustainable Energy</strong>,f138158bb092c4cc6bb79d6e5caa2e36ff19c416de3d7f4465f24c810424045d
"['modules', 3, 'chapters', 3, 'lessons', 1, 'description']",0,"This lesson explores the critical role of private sector investment in driving the transition to sustainable energy, emphasizing the need for significant capital mobilization beyond public finance to meet global clean energy targets.¬†",2344054f580fb6a712d703fffd68580ab8a40688a0bef409dc82cab1c1c7d5de
"['modules', 3, 'chapters', 3, 'lessons', 2, 'title']",0,Lesson 2: <strong>Risk Mitigation Strategies</strong>,ac0c9201a5c967b3f9d51ba19d8eacc54b0df3b618871dba8dd8d3878cf910cc
"['modules', 3, 'chapters', 3, 'lessons', 2, 'description']",0,"This lesson introduces the concept of de-risking renewable energy investments, particularly in developing countries, through policy and financial de- risking",5de260b82a452a2dac69ccdadc0298efd3ddfd436906f2a93e2fd60a25f7db2b
"['modules', 3, 'chapters', 3, 'lessons', 3, 'title']",0,Lesson 3: <strong>Blended Finance</strong>,bade16ebe76e097dc6e29145ec7f6377347b7bd5ad2d44906e289b96fd8c881f
"['modules', 3, 'chapters', 3, 'lessons', 3, 'description']",0,"This chapter explores¬†blended finance¬†as a strategy for mobilizing private sector investment in renewable energy projects, especially in developing countries.",e8ad07ed08186e717ad765a5a1703624615983d08df936f89291b9b2e35041a4
"['modules', 3, 'chapters', 3, 'lessons', 3, 'description']",1,It highlights how¬†blended finance¬†combines concessional funding with private capital to de-risk high-impact clean energy projects.¬†,aa4255e80ea3be00a54cd65e55a70e84314523caa005af4716e9dc92e51268fd
"['modules', 3, 'chapters', 3, 'lessons', 4, 'title']",0,Chapter 3 Outro,962c4d3e9dfd699621d61cf50219c50ceef5fcd121b12becf3d40a30067cdead
"['modules', 3, 'chapters', 3, 'lessons', 4, 'description']",0,Outro of the chapter and wrap-up.,106690cf445cf90197d996d0a49c12e84d3f1aa1b4576fad0eecee9ad8ecc035
"['modules', 3, 'chapters', 4, 'title']",0,Chapter 4: <strong>Innovative Financial Instruments and Tools for Renewable Energy</strong>,47656ae49a4c5d725dd017d62f5dba809151fde73cf7262ddfd5287007f63b51
"['modules', 3, 'chapters', 4, 'description']",0,"This chapter explores innovative financial tools—blended finance, bonds, swaps, carbon finance—that reduce risks and mobilize capital for renewables.",fa5f18caf26fb128fd05a13e8d6c03a96e82f6a5c34c1ddda80168331fdd4234
"['modules', 3, 'chapters', 4, 'lessons', 0, 'title']",0,Chapter 4 Introduction,ce4b99880b283251257679b1822a12012774bb667a46ff4b5b039806826d8bab
"['modules', 3, 'chapters', 4, 'lessons', 1, 'title']",0,Lesson 1: <strong>Thematic Bonds (Public and Corporate)</strong>,4f5ca7abe7853d79e70efc600f4a3367ac7f32c05ea0e7b1d8095c1856d84e40
"['modules', 3, 'chapters', 4, 'lessons', 1, 'description']",0,"This chapter explores various thematic bonds, including green, social, sustainability, and transition bonds, as innovative financial instruments designed to support sustainable development projects, with a focus on reducing environmental impact and fostering global climate goals.",822566821894f327248a746f70af881b91b099054545bd37f2588891d33c4953
"['modules', 3, 'chapters', 4, 'lessons', 2, 'title']",0,"Lesson 2: <strong>Debt Swaps (Debt for Energy, D4E)</strong>",a77a569547662c6449aca40e814bf1de0020f42d9c40f700c64fd887c5eae826
"['modules', 3, 'chapters', 4, 'lessons', 2, 'description']",0,"This lesson explores the Debt-for-Energy (D4E) swaps, a financial mechanism that reduces national debt while investing in renewable energy projects to support the energy transition and economic sustainability in developing countries.",98820bd75fa333746836bce70fc1039308cea7252c53674d7ec62cbf09175585
"['modules', 3, 'chapters', 4, 'lessons', 3, 'title']",0,Lesson 3: <strong>Carbon Financing</strong>,0db10785cc74cd727c716235a2809bddcc063db675a9576e5641f067b0ef788d
"['modules', 3, 'chapters', 4, 'lessons', 3, 'description']",0,"This lesson explores how carbon pricing mechanisms, such as carbon taxes and emissions trading systems, drive low-carbon transitions by providing economic incentives to reduce emissions, while highlighting challenges like greenwashing and the need for robust verification systems.",df2f2d4cb743bed0beec15f08664c23250df77a976e500948a4ad7fd4d29f1ff
"['modules', 3, 'chapters', 4, 'lessons', 4, 'title']",0,Lesson 4: <strong>Emerging Technologies: AI-Powered and Digital Financing Solutions</strong>,d7736594dab3f852561b4f315c7f292114d411d3130017f83396530b0cd99805
"['modules', 3, 'chapters', 4, 'lessons', 4, 'description']",0,"This lesson explores how integrating blockchain technology and digital financing platforms can transform sustainable energy finance by enhancing transparency, reducing transaction costs, expanding access to finance, and supporting energy trading",8383372a103ad285cdc4595b2a8a136c02548f478e1f76514885e8691e5b0480
"['modules', 3, 'chapters', 4, 'lessons', 5, 'title']",0,Chapter 4 Outro,55a03eecae1c33be8c71f9b7ec2993e44e30636848d76f862e1179d465e5c699
"['modules', 3, 'chapters', 4, 'lessons', 5, 'description']",0,Outro of the chapter and wrap-up.,106690cf445cf90197d996d0a49c12e84d3f1aa1b4576fad0eecee9ad8ecc035
"['modules', 3, 'chapters', 5, 'title']",0,Chapter 5: <strong>Cross-Sectional Issues in Sustainable Energy Finance</strong>,04451082e5a4d4fa52bfc8c9ea2ee55140426cdcdf55e94eba75b563fa46f7ff
"['modules', 3, 'chapters', 5, 'description']",0,"This chapter highlights partnerships, gender integration, and regional priorities as key to inclusive, equitable, and effective sustainable energy finance solutions.",0796ea8d71fc7de62606e4a7c2dabfc0ff34a3540c3164e4b6fd2b633bb742cb
"['modules', 3, 'chapters', 5, 'lessons', 0, 'title']",0,Chapter 5 Introduction,9943ba913d85ce463185436e7cd2102ffe8424b7d3fa959b6ad3d8cb681c4ad5
"['modules', 3, 'chapters', 5, 'lessons', 1, 'title']",0,Lesson 1: <strong>Partnerships for Sustainable Energy Investments</strong>,8219daead74e544426816f3e4fff8973822c52f650cdf4757425820807c5c2db
"['modules', 3, 'chapters', 5, 'lessons', 1, 'description']",0,"This lesson focuses on the importance of partnerships in driving sustainable energy investments by pooling resources, sharing risks, and fostering collaboration between governments, international organizations, and the private sector.",8c713ea1700935fe318e280063494a3ecd295842e461403c68a9ccf2128007ad
"['modules', 3, 'chapters', 5, 'lessons', 2, 'title']",0,Lesson 2: <strong>Gender Equality And Sustainable Energy Finance</strong>,65fb0b960afc0c03a16903402051497858d1465db9846fa9219b5650038d022b
"['modules', 3, 'chapters', 5, 'lessons', 2, 'description']",0,"This lesson focuses on addressing the intersectionality of gender inequality within climate and energy finance, highlighting how overlapping identities such as gender, race, ethnicity, and socioeconomic status can exacerbate barriers to accessing financial resources, leadership roles, and energy technologies for marginalized women.",2a0f09e23b6c995e54f3d877d5ad12ff9202260bfe6afc95c8946a3adbbf1a97
"['modules', 3, 'chapters', 5, 'lessons', 3, 'title']",0,Lesson 3: <strong>Regional Priorities</strong>,0a5682b5112d2724014715fdd3e1ad5e0f04d24f15727de11429e58970b04886
"['modules', 3, 'chapters', 5, 'lessons', 3, 'description']",0,This lesson discusses energy investment priorities across different regions and the tools that migh work best for each,8c19fa89723729857b4fa0ce28f543efb49d04dfa922d4f7f3f6718daf693ae2
"['modules', 3, 'chapters', 5, 'lessons', 4, 'title']",0,Chapter 5 Outro,dedb19abfa29b5826a055ec72474b0e39e31b81e7695a339bf8f43b64c764ac8
"['modules', 3, 'chapters', 5, 'lessons', 4, 'description']",0,Outro of the chapter and wrap-up.,106690cf445cf90197d996d0a49c12e84d3f1aa1b4576fad0eecee9ad8ecc035
"['modules', 3, 'chapters', 6, 'title']",0,Module 4 Outro,2481070a66555d5d26aa870c730024f152a2c137577d5217f3203e62d4a63a2e
"['modules', 3, 'chapters', 6, 'description']",0,"Module 4 explores financial and market strategies driving the global energy transition, especially in developing countries.",6ec0d99df4df7b943eceac75632cd787f6bcba2060c1c8fc078bc2bb29e3ad58
"['modules', 3, 'chapters', 6, 'description']",1,"It examines public-private investments, innovative financing, and market dynamics, while addressing barriers like regulatory hurdles and risks.",4d20e64f4ef496afb25d76c4721360bcd90b43b6b005f668edfde1f8b44c3f8a
"['modules', 3, 'chapters', 6, 'description']",2,"It also emphasizes energy finance’s broader development impacts—including gender, social, governance, and environmental dimensions—and practical solutions for scaling investment.",d2c731f873a80f20099d5e0019cc0d128c7ef86e9ac28128d8ebcd0df306ee70
"['modules', 3, 'chapters', 6, 'lessons', 0, 'title']",0,Module 4 Quiz,02d4cd847d958e79bb864e3a67a32f9b74f08784abc165875af1361d589a084e
"['modules', 3, 'chapters', 6, 'lessons', 0, 'description']",0,Test your understanding of all lessons in this module.,126719e4d0a6d8494be6872dbe0147a08117ef9b6058e98dc406d80e229e9f8f
"['modules', 3, 'chapters', 6, 'lessons', 1, 'title']",0,Module 4 Outro,2481070a66555d5d26aa870c730024f152a2c137577d5217f3203e62d4a63a2e
"['modules', 4, 'title']",0,Energy Governance for a Just Energy Transition,0537c9782d1bd70b72e30d97b5449fb77a47ad013546796ee9ddf6d14058355d
"['modules', 4, 'description']",0,"Module 5 examines energy governance as a catalyst for a just energy transition, highlighting inclusive institutions, legal frameworks, civic engagement, and oversight.",e192916b92c2c41202905d77b662d1a7e37274f695f41b0c3a2db5d22a4192ff
"['modules', 4, 'description']",1,"It introduces people-centered, adaptable, digital, and multi-level governance approaches, offering tools and case studies to enhance transparency, policy coherence, and accountability for equitable and sustainable energy transformation.",f451f77b58abe4ed665d0ea8380b6d30ae90b9aad5a0f6900bc875725282336b
"['modules', 4, 'chapters', 0, 'title']",0,Module 5 Introduction,c234d0005bf1434866d6e9b1edb9cca659d1cc37cff232f37ce139cb2c0cbf02
"['modules', 4, 'chapters', 0, 'lessons', 0, 'title']",0,Module 5 Introduction,c234d0005bf1434866d6e9b1edb9cca659d1cc37cff232f37ce139cb2c0cbf02
"['modules', 4, 'chapters', 0, 'lessons', 0, 'description']",0,Introduction and learning objectives for Module 5,4e938a44d9c315f8b197ccac6bbd13479562322b7c431622f0242031ab09e838
"['modules', 4, 'chapters', 1, 'title']",0,Chapter 1: <strong>An Overview of Energy Governance</strong>,2be5baef8a4d97b27a56dd279c27db09734483698ce352268a85eb2ec3dbb689
"['modules', 4, 'chapters', 1, 'description']",0,"This chapter introduces energy governance principles and frameworks essential for guiding just energy transition while addressing economic, social, and environmental inequalities.",321f7bbab960d979cb588a063e45909b6e77c5ab5c5f7bdf54c204210f74dd2d
"['modules', 4, 'chapters', 1, 'lessons', 0, 'title']",0,Chapter 1 Introduction,4967392e984184d343aa7f07af423fbd17562cc0b2dccfe55404d5e8cfb2ba6b
"['modules', 4, 'chapters', 1, 'lessons', 1, 'title']",0,Lesson 1: <strong>Introduction to Energy Governance</strong>,be9b7cbbb02179be74349c754402f40dc3636fc6e151b350fe06330b91e8450d
"['modules', 4, 'chapters', 1, 'lessons', 1, 'description']",0,"This lesson defines governance and energy governance, emphasizing their critical role in shaping decision-making, managing trade-offs, and ensuring a just energy transition, and discusses the three principles of effectiveness, inclusinvess and accountability",f4ee9c26e0599010885966933cd1e8cf1d59a5ce783c6a07b39d5756594fe051
"['modules', 4, 'chapters', 1, 'lessons', 2, 'title']",0,Lesson 2: <strong>Political economy And Energy Governance</strong>,dd4c153ba9d6d1fb5b00a04aaf00f4cf46e6c1b66b1f242737847ee8617b4232
"['modules', 4, 'chapters', 1, 'lessons', 2, 'description']",0,"This lesson discusses the significance of  policy coherence to align policies across sectors to prevent conflicts and maximize synergies, exploring key pillars‚Äîincluding institutional capacity, partnerships, data analysis, and coordination mechanisms‚Äîthat enhance effective governance for sustainable energy transitions.",72313257dd56d2973a98b44cc6de3304089e5c08c0a6b7271ca0ed6ad3b289c7
"['modules', 4, 'chapters', 1, 'lessons', 3, 'title']",0,Lesson 3: <strong>Energy Governance and International Climate Policy</strong>,3ed2713c1e6af39c3f786908b938b399b4c8c74a1c0ebbe64f3d0a941e14ae3a
"['modules', 4, 'chapters', 1, 'lessons', 4, 'title']",0,Chapter 1 Outro,a3066505c8df5f13f89d934abff6b85d7b0ab812d7553e6b61927d746cc6b4d2
"['modules', 4, 'chapters', 1, 'lessons', 4, 'description']",0,Outro of the chapter and wrap-up.,106690cf445cf90197d996d0a49c12e84d3f1aa1b4576fad0eecee9ad8ecc035
"['modules', 4, 'chapters', 2, 'title']",0,Chapter 2: <strong>Policy and Regulatory Frameworks for a Just Energy Transition</strong>,726809160030b51b8b53650f86a90d8d94848c76583bba6bc8820fedd1d8c6fe
"['modules', 4, 'chapters', 2, 'description']",0,"This chapter examines policy and regulatory frameworks that enable just energy transitions through coherence, adaptability, stakeholder engagement, and investment de-risking.",89f2fb5856204120bb958315b0445d1d7be6f970d4bb1a662b0e9d85caaad1b2
"['modules', 4, 'chapters', 2, 'lessons', 0, 'title']",0,Chapter 2 Introduction,2ed4868b4179970a36b304c2d2993b7551e0cc7800a8bb07746aedfdd47af7f1
"['modules', 4, 'chapters', 2, 'lessons', 1, 'title']",0,Lesson 1: <strong>Policy Coherence</strong>,4cec3d0cb63dcaf9615dcdb53d42a03509b363fd0b221a8ead2c54e882cb0fe0
"['modules', 4, 'chapters', 2, 'lessons', 1, 'description']",0,"This lesson examines how political and economic factors shape energy governance, emphasizing the need for political economy analysis (PEA) and Institutional and Context Analysis (ICA) to navigate challenges and advance just energy transitions.",c7befb5b75926e3bd8a0c41b6e995d81d80068f2c61c5d1b84de2c5dd08846f0
"['modules', 4, 'chapters', 2, 'lessons', 2, 'title']",0,Lesson 2: <strong>Strategic Foresight for Energy Governance</strong>,c6675347b373df7ab9208532ed820f4acf9374d4341df32ccb9c5eb71f67b452
"['modules', 4, 'chapters', 2, 'lessons', 2, 'description']",0,"This lesson explores strategic foresight as a tool for anticipating future energy challenges and opportunities, utilizing methodologies like horizon scanning, scenario planning, and backcasting to enhance risk management, policy flexibility, and investment strategies for resilient and adaptive energy transitions.",e746c86b78f1199ef470d64764ae9c2ce3ef0de82f4c474b5828823de0c7c87c
"['modules', 4, 'chapters', 2, 'lessons', 3, 'title']",0,Lesson 3: <strong>Adaptive Policies and Regulations</strong>,4ca448e485f77af7914462c69035eb498fb33d1a7ad00dd8761e249641f58e8b
"['modules', 4, 'chapters', 2, 'lessons', 3, 'description']",0,"This lesson explores how adaptive policies and regulations ensure flexibility, resilience, and effectiveness in energy governance by incorporating continuous monitoring, stakeholder engagement, innovation incentives, and Regulatory Impact Assessment (RIA) to respond to evolving challenges.",5e2c69145159b38e3f9295d0a2854cfaa656f227a447f1a9ca10cf2cbef5b0ad
"['modules', 4, 'chapters', 2, 'lessons', 4, 'title']",0,Chapter 2 Outro,9f04c62d7cc6e967f6b54a472f357aa0f9576e8ad0be7d680c87501be42ed47f
"['modules', 4, 'chapters', 2, 'lessons', 4, 'description']",0,Outro of the chapter and wrap-up.,106690cf445cf90197d996d0a49c12e84d3f1aa1b4576fad0eecee9ad8ecc035
"['modules', 4, 'chapters', 3, 'title']",0,Chapter 3: <strong>Inclusive and Effective Institutions</strong>,4146cd38486e6cb8ab12736b499ee27b8bb7d4fa314b54b5f089a6402e22e930
"['modules', 4, 'chapters', 3, 'description']",0,"Inclusive and effective institutions are the cornerstone of robust governance systems, ensuring coordinated efforts for a just energy transition.",00bc269491378584bbd69fbb1725849717dbcc0ec8baca47adbf708a7c147a2c
"['modules', 4, 'chapters', 3, 'description']",1,"This section explores the roles of key actors, multi-level governance, and the importance of transparency, trust, and anti-corruption measures in energy governance.",1298f3592a94de9e0f206efa3b822fb59e8626d82c139ee784c274495837cb26
"['modules', 4, 'chapters', 3, 'lessons', 0, 'title']",0,Chapter 3 Introduction,8d1c3d7a5df58afb8b557914dad0c461b59c8a3716413be614f24ea1fee47853
"['modules', 4, 'chapters', 3, 'lessons', 1, 'title']",0,Lesson 1: <strong>Integrated Governance for a Just Energy Transition</strong>,a530c877279dc207b50b9d7c44c16c488aa26f882e7320392544db369b07d22a
"['modules', 4, 'chapters', 3, 'lessons', 1, 'description']",0,"This lesson explores the transition from centralized, state-led energy management to decentralized, multi-stakeholder governance, emphasizing collaboration across governments, regulatory bodies, private sector actors, and civil society to ensure transparent, inclusive, and adaptive energy transitions.",c06e8dede2e32a32bcc2e7ff7594c91497c6681038e149ccfb2bb83de9e562b6
"['modules', 4, 'chapters', 3, 'lessons', 2, 'title']",0,Lesson 2: <strong>Civic Engagements And Its Role in Energy Governance</strong>,ae5d83244be48bfc40ff1ac6a0efb0be9b47ab352125a02a4f77692c1ac323bd
"['modules', 4, 'chapters', 3, 'lessons', 2, 'description']",0,"This lesson explores the role of civic engagement in energy governance, highlighting how participatory decision-making, energy democracy, and community-driven initiatives enhance transparency, accountability, and public trust while fostering localized solutions and equitable energy transitions.",fb8f085dbc67703efecf8bc523c159154c22dd1ccb122802e458304feec8baab
"['modules', 4, 'chapters', 3, 'lessons', 3, 'title']",0,Lesson 3: <strong>Facilitating Cooperation with a Heterogeneous Civil Society</strong>,4391467909b7d90425e2cd869e657ecf5fab48f7ce9d3cfc1797e5395d2179cf
"['modules', 4, 'chapters', 3, 'lessons', 3, 'description']",0,"This lesson explores the mechanisms for effective civic engagement in energy governance to empower diverse civil society actors‚Äîlocal communities, women, youth, and indigenous peoples‚Äîin driving a just and sustainable energy transition.",4ca1193e48fc9f2bf57e5f207f1436fc58bcfae21f628a795f24bc2828396d86
"['modules', 4, 'chapters', 3, 'lessons', 4, 'title']",0,Chapter 3 Outro,962c4d3e9dfd699621d61cf50219c50ceef5fcd121b12becf3d40a30067cdead
"['modules', 4, 'chapters', 3, 'lessons', 4, 'description']",0,Outro of the chapter and wrap-up.,106690cf445cf90197d996d0a49c12e84d3f1aa1b4576fad0eecee9ad8ecc035
"['modules', 4, 'chapters', 4, 'title']",0,Chapter 4: <strong>Appropriate and Independent Oversight</strong>,96eeb8c3605151bbbf3c4a40e5978600cefaa1277ef306da768996c4a15fc798
"['modules', 4, 'chapters', 4, 'description']",0,"This chapter highlights independent, agile oversight in energy governance to ensure transparency, gender equality, accountability, and adaptability in just energy transition.",e1dab4224efd7c9355c12d73cbf7c57241724645baece17fdfa4f5011915979c
"['modules', 4, 'chapters', 4, 'lessons', 0, 'title']",0,Chapter 4 Introduction,ce4b99880b283251257679b1822a12012774bb667a46ff4b5b039806826d8bab
"['modules', 4, 'chapters', 4, 'lessons', 1, 'title']",0,"Lesson 1: <strong>Transparency, Public Confidence and Trust in Institutions</strong>",51ca913e4881ba2dc796b358f3b860ea8b9bc37491fe6cf782f6dd28ec126e13
"['modules', 4, 'chapters', 4, 'lessons', 1, 'description']",0,"Open and transparent institutions are essential for a successful energy governance, ensuring trust, accountability, and effective policymaking.",351483b3ce2463687fd20f6b871346ef2cc16cdefbd1b6c7680ccbe8bdee68fe
"['modules', 4, 'chapters', 4, 'lessons', 1, 'description']",1,"Corruption risks—such as state capture, bribery, and embezzlement—can undermine progress, making strong governance and data-driven transparency critical.",df7cd44538c47358941b4bb476c5d47aa75fa89f41d2a4044a38972ecbbf4567
"['modules', 4, 'chapters', 4, 'lessons', 1, 'description']",2,"This lesson explores how transparency enhances public confidence, facilitates investment, and promotes efficient resource allocation in the energy sector.",761bf421c4154a05d83ac6943d4a1e3caefe375f2bebcfa2c8a6a08fa3c779dc
"['modules', 4, 'chapters', 4, 'lessons', 2, 'title']",0,Lesson 2: <strong>Effective and Independent Oversight</strong>,046f765b3ae47ec8d03fba0af123dfc324a57972214f50f7416399701ead2ea3
"['modules', 4, 'chapters', 4, 'lessons', 2, 'description']",0,"This lesson explores the mechanisms of effective oversight in energy governance, emphasizing the role of both internal and external accountability structures  in ensuring transparency, preventing fraud, and strengthening institutional integrity of energy governance",ad963cd1185ccf4ead64b610f90e64922e3bf9c28a5250ec2fc5b896d6817b71
"['modules', 4, 'chapters', 4, 'lessons', 3, 'title']",0,Lesson 3: <strong>Implementing the Governance Framework</strong>,4db10de44a7e320ad30b6cc814e43792292a873b4c9433caf660d16d152b9a4e
"['modules', 4, 'chapters', 4, 'lessons', 4, 'title']",0,Chapter 4 Outro,55a03eecae1c33be8c71f9b7ec2993e44e30636848d76f862e1179d465e5c699
"['modules', 4, 'chapters', 4, 'lessons', 4, 'description']",0,Outro of the chapter and wrap-up.,106690cf445cf90197d996d0a49c12e84d3f1aa1b4576fad0eecee9ad8ecc035
"['modules', 4, 'chapters', 5, 'title']",0,Module 5 Outro,5d33e3e96c470b7c0febb916d22e1b3ab26ef0e443f27370fe21f400a965b57a
"['modules', 4, 'chapters', 5, 'description']",0,"Module 5 examines energy governance as a catalyst for a just energy transition, highlighting inclusive institutions, legal frameworks, civic engagement, and oversight.",e192916b92c2c41202905d77b662d1a7e37274f695f41b0c3a2db5d22a4192ff
"['modules', 4, 'chapters', 5, 'description']",1,"It introduces people-centered, adaptable, digital, and multi-level governance approaches, offering tools and case studies to enhance transparency, policy coherence, and accountability for equitable and sustainable energy transformation.",f451f77b58abe4ed665d0ea8380b6d30ae90b9aad5a0f6900bc875725282336b
"['modules', 4, 'chapters', 5, 'lessons', 0, 'title']",0,Module 5 Quiz,6992df372fb99c92009c155b40d7c62c6b8629c424382ff42ca890dcc37eecf0
"['modules', 4, 'chapters', 5, 'lessons', 0, 'description']",0,Test your understanding of all lessons in this module.,126719e4d0a6d8494be6872dbe0147a08117ef9b6058e98dc406d80e229e9f8f
"['modules', 4, 'chapters', 5, 'lessons', 1, 'title']",0,Module 5 Outro,5d33e3e96c470b7c0febb916d22e1b3ab26ef0e443f27370fe21f400a965b57a
"['modules', 5, 'title']",0,The Climate Change-Energy Nexus,c78f4f705afb8499ab74a97dafc18581aea8aa7c0afe06c2d384ca3849c2e76b
"['modules', 5, 'description']",0,"Module 6 explores the deep link between energy systems and climate change, emphasizing the urgent need to shift to zero-carbon energy.",98f798ab5557a07a0d92386745d47fb56dbcc83bc9dc764e94e7d097df0f4f55
"['modules', 5, 'description']",1,"It addresses emissions, climate risks to infrastructure, and adaptive solutions like resilient grids and renewables—highlighting their transformative role in building climate resilience and securing a sustainable energy future.",1c57b141c4267069a188713a80be6cd3166c4c485decf78562aa3b16871ac3c1
"['modules', 5, 'chapters', 0, 'title']",0,Module 6 Introduction,e37c3a176915e7538ef50c01739ff7248fa6a5527a350a5b551c577f54c84fec
"['modules', 5, 'chapters', 0, 'lessons', 0, 'title']",0,Module 6 Introduction,e37c3a176915e7538ef50c01739ff7248fa6a5527a350a5b551c577f54c84fec
"['modules', 5, 'chapters', 0, 'lessons', 0, 'description']",0,Introduction and learning objectives for Module 6,1ea860e9534e6938e570cec7d52d67f555610306a30f32d58ea95c5367b05ca3
"['modules', 5, 'chapters', 1, 'title']",0,Chapter 1: <strong>Linkages between Energy Systems and Climate Change</strong>,092a4a61d6d5d918d9287942c7f8635239e029c0574138bfc39fc8696a42be65
"['modules', 5, 'chapters', 1, 'description']",0,"This chapter examines how energy systems drive and are impacted by climate change, emphasizing decarbonization, sustainable practices, and adaptive energy strategies.",97e6366f19678c1c15bb19b9e17e4c7c40b93e6ebb329d75cdfb46fc95365461
"['modules', 5, 'chapters', 1, 'lessons', 0, 'title']",0,Chapter 1 Introduction,4967392e984184d343aa7f07af423fbd17562cc0b2dccfe55404d5e8cfb2ba6b
"['modules', 5, 'chapters', 1, 'lessons', 1, 'title']",0,Lesson 1: <strong>The Impact of Energy Systems on Climate Change</strong>,c95fe2864baa31bc7e9b0cbe19c9365f016cbd21c78a4e908b865dacdf0cdd36
"['modules', 5, 'chapters', 1, 'lessons', 1, 'description']",0,Examining the environmental and climate change challenges associated with energy systems,97b887230c4d93b197103b10caa52cec0175b5812c59613e5dce6b358b5f8e42
"['modules', 5, 'chapters', 1, 'lessons', 2, 'title']",0,Lesson 2: <strong>The Impact of Climate Change on Energy Systems</strong>,3321c5355c74be69bf278e3d92c6273b83eb0ee067572c32c52d0dd46d35d92c
"['modules', 5, 'chapters', 1, 'lessons', 2, 'description']",0,Understanding the profound effects of climate change on energy systems,d52a3301d9475d06667d76dcc512e6a543397733a0a90d9c298aaf0b90b04237
"['modules', 5, 'chapters', 1, 'lessons', 3, 'title']",0,Chapter 1 Outro,a3066505c8df5f13f89d934abff6b85d7b0ab812d7553e6b61927d746cc6b4d2
"['modules', 5, 'chapters', 1, 'lessons', 3, 'description']",0,Outro of the chapter and wrap-up.,106690cf445cf90197d996d0a49c12e84d3f1aa1b4576fad0eecee9ad8ecc035
"['modules', 5, 'chapters', 2, 'title']",0,Chapter 2: <strong>Sustainable Energy for Climate Mitigation</strong>,508631a8fc0ae6a3240e05bbd36a4c821e02885b7d9d651f4a621960cfb31cef
"['modules', 5, 'chapters', 2, 'description']",0,"This chapter highlights renewable energy’s role in climate mitigation, emphasizing its low emissions, health and economic benefits, and alignment with global goals.",d780bb31e83882ef446d2dc97b07d33660c4a24c86bbf32745894b7486f83a44
"['modules', 5, 'chapters', 2, 'lessons', 0, 'title']",0,Chapter 2 Introduction,2ed4868b4179970a36b304c2d2993b7551e0cc7800a8bb07746aedfdd47af7f1
"['modules', 5, 'chapters', 2, 'lessons', 1, 'title']",0,"Lesson 1: <strong>The Climate, Environmental and Health Benefits of Sustainable Energy</strong>",b9e64d865155ca1ef2122d360edebd34ac19fdd31ce2ba0caf374be5fa64c161
"['modules', 5, 'chapters', 2, 'lessons', 1, 'description']",0,Exploring how sustainable energy can help achieve climate targets and enhance public health and economic value,fcfc561bed0a3c6739799e88426d50af53b48310f7133df73b8924d8c5d147fc
"['modules', 5, 'chapters', 2, 'lessons', 2, 'title']",0,Lesson 2: <strong>Exploring Renewable Technologies for Climate Mitigation</strong>,efe1ffd8528f14c4748737d78302888b63cf30e0a1caa59d7fc8c03f7041f2aa
"['modules', 5, 'chapters', 2, 'lessons', 2, 'description']",0,Getting to know a diverse set of sustainable energy technologies for emission reduction,b7c05828b9a971e98fbafb3c4344fa7920c63c2784990b7c5bba0b887514c993
"['modules', 5, 'chapters', 2, 'lessons', 3, 'title']",0,Chapter 2 Outro,9f04c62d7cc6e967f6b54a472f357aa0f9576e8ad0be7d680c87501be42ed47f
"['modules', 5, 'chapters', 2, 'lessons', 3, 'description']",0,Outro of the chapter and wrap-up.,106690cf445cf90197d996d0a49c12e84d3f1aa1b4576fad0eecee9ad8ecc035
"['modules', 5, 'chapters', 3, 'title']",0,Chapter 3: <strong>Sustainable Energy for Climate Adaptation</strong>,5f09ce290cae9e275f5a5b699c23255b8429c90fbd3cfe43562473b5c4cb7dbf
"['modules', 5, 'chapters', 3, 'description']",0,"This chapter explores how sustainable energy supports climate adaptation through resilience-building, decentralized systems, inclusive planning, and strategies addressing vulnerable communities and infrastructure.",36af2e2e77dd58ddb102d0ef715da466308be5e0fe49446e4521802d91bba3c8
"['modules', 5, 'chapters', 3, 'lessons', 0, 'title']",0,Chapter 3 Introduction,8d1c3d7a5df58afb8b557914dad0c461b59c8a3716413be614f24ea1fee47853
"['modules', 5, 'chapters', 3, 'lessons', 1, 'title']",0,Lesson 1: <strong>Renewable Energy for Enhancing Climate Resilience</strong>,63c1d38760ce274b6b13c0e887f76e4d6692ecc99be3f6b2b2976f63f69983dc
"['modules', 5, 'chapters', 3, 'lessons', 1, 'description']",0,Learning the ways decentralized renewable energy can support climate adaptation and resilience,8a2acd4544b2d90538d9efd7b70f7e09b8a2a180d1fcd79dad3124df37591e45
"['modules', 5, 'chapters', 3, 'lessons', 2, 'title']",0,Lesson 2: <strong>Enhancing Resilience and Adaptability of Energy Systems</strong>,2c17e96f298c2c66dbe8f2bbc9f66f33592a676c9f96a52bc420892a42b8b54f
"['modules', 5, 'chapters', 3, 'lessons', 2, 'description']",0,Examining the strategies to improve energy systems' adaptability to climate change,f6240a75a05c011d2b4b86ca7f77819f560bbfeb5b93870981d69754864b0ddc
"['modules', 5, 'chapters', 3, 'lessons', 3, 'title']",0,Lesson 3: <strong>An Intersectional Approach to Climate Change</strong>,21c62762cb66ff53709ea839c69933b9e32defaf4d7dbca6b9d48b11d03cae28
"['modules', 5, 'chapters', 3, 'lessons', 3, 'description']",0,Applying an intersectional lens to the energy transition,02ec7e1617f07412f6113abc5f31872411f203d26dc8135011064ab05a8e5d02
"['modules', 5, 'chapters', 3, 'lessons', 4, 'title']",0,Chapter 3 Outro,962c4d3e9dfd699621d61cf50219c50ceef5fcd121b12becf3d40a30067cdead
"['modules', 5, 'chapters', 3, 'lessons', 4, 'description']",0,Outro of the chapter and wrap-up.,106690cf445cf90197d996d0a49c12e84d3f1aa1b4576fad0eecee9ad8ecc035
"['modules', 5, 'chapters', 4, 'title']",0,Chapter 4: <strong>Sustainable Energy Transformation in End-use Sectors</strong>,39628ec4a6db11e1a79e8a37f3d09863ff5274b5638f8514c8df33a86ab8a85c
"['modules', 5, 'chapters', 4, 'description']",0,"This chapter highlights electrification's role in decarbonizing sectors, emphasizing renewable integration, technological innovation, and policy action to meet climate goals.",6977aed9475c55817a117afd4fa035880ee1067816f1b3223988ba924707ad95
"['modules', 5, 'chapters', 4, 'lessons', 0, 'title']",0,Chapter 4 Introduction,ce4b99880b283251257679b1822a12012774bb667a46ff4b5b039806826d8bab
"['modules', 5, 'chapters', 4, 'lessons', 1, 'title']",0,Lesson 1: <strong>Decarbonizing the Industry Sector</strong>,b2be1eb57e1687bb7c68e02875390c1e12d4baaa88bbe1a4bb590de5deb3109b
"['modules', 5, 'chapters', 4, 'lessons', 1, 'description']",0,Adopting low carbon technologies and Improving efficiency for industrial decarbonization,9437817f6ccf4d73b991ae535c78b79c54ae2b4e7a5eae1d96be3b14e05dff23
"['modules', 5, 'chapters', 4, 'lessons', 2, 'title']",0,"Lesson 2: <strong>Sustainable Buildings: Efficiency, Electrification, and Equity</strong>",663b943c178676c3800f902c0fb65f83f4e8c2c48b9f88bdc9abd63a46547186
"['modules', 5, 'chapters', 4, 'lessons', 2, 'description']",0,Reducing buildings sector energy consumption with electrification and efficiency strategies,5cbe27a84d6e896939dddbd62b5fd61bfc18ae4dc4ba8aa8e1b4e97c026f68f8
"['modules', 5, 'chapters', 4, 'lessons', 3, 'title']",0,Lesson 3: <strong>Transforming Transport: Electrification and Inclusive Mobility</strong>,73385ed5e8306199a0609193e814a2780c29d98e93bb904d7f7dee8533c40784
"['modules', 5, 'chapters', 4, 'lessons', 3, 'description']",0,Transitioning to electric mobility for emission reduction and development benefits,29df009d8fe317e995e811ac43c6563d2857966f721f13af19c71ca751e179b2
"['modules', 5, 'chapters', 4, 'lessons', 4, 'title']",0,Chapter 4 Outro,55a03eecae1c33be8c71f9b7ec2993e44e30636848d76f862e1179d465e5c699
"['modules', 5, 'chapters', 4, 'lessons', 4, 'description']",0,Outro of the chapter and wrap-up.,106690cf445cf90197d996d0a49c12e84d3f1aa1b4576fad0eecee9ad8ecc035
"['modules', 5, 'chapters', 5, 'title']",0,Module 6 Outro,48ad3613ac808e8ee32ca7b54a2846b4c55f6abc926d5fd6b2ed40a963dcb5ee
"['modules', 5, 'chapters', 5, 'description']",0,"Module 6 explores the deep link between energy systems and climate change, emphasizing the urgent need to shift to zero-carbon energy.",98f798ab5557a07a0d92386745d47fb56dbcc83bc9dc764e94e7d097df0f4f55
"['modules', 5, 'chapters', 5, 'description']",1,"It addresses emissions, climate risks to infrastructure, and adaptive solutions like resilient grids and renewables—highlighting their transformative role in building climate resilience and securing a sustainable energy future.",1c57b141c4267069a188713a80be6cd3166c4c485decf78562aa3b16871ac3c1
"['modules', 5, 'chapters', 5, 'lessons', 0, 'title']",0,Module 6 Quiz,a2970b38aa73ce94d5ca73d0d5b47cfae62ce0640423af515a0035ad56c028d0
"['modules', 5, 'chapters', 5, 'lessons', 0, 'description']",0,Test your understanding of all lessons in this module.,126719e4d0a6d8494be6872dbe0147a08117ef9b6058e98dc406d80e229e9f8f
"['modules', 5, 'chapters', 5, 'lessons', 1, 'title']",0,Module 6 Outro,48ad3613ac808e8ee32ca7b54a2846b4c55f6abc926d5fd6b2ed40a963dcb5ee
"['modules', 6, 'title']",0,Data in Sustainable Energy,6cddcd59c8cb95501fd541fd9806e8e40fa7989d6eba70449468befb7f2dbf7a
"['modules', 6, 'description']",0,"Module 7 offers a in-depth introduction to the role of energy data in planning, monitoring, and evaluation for sustainable energy development.",8bc0314f66517bcf84a9fcc2c8cd8a07fe182aa54402ce6d5df49f6bd5a085a0
"['modules', 6, 'description']",1,"It emphasizes the importance of reliable, ethical data for achieving SDG7, explores standardized frameworks, key indicators, and challenges, and introduces innovative tools like AI and energy modeling for informed policymaking.",e8498ffb6283d9b5591f30bdbabd7b517e20dfa1b59c38f3ed16c93743a048f8
"['modules', 6, 'chapters', 0, 'title']",0,Module 7 Introduction,6e854eafcb9a944407a15eb89fd411d60a9c2103c0d27d9d7c64ead2a18e4f89
"['modules', 6, 'chapters', 0, 'lessons', 0, 'title']",0,Module 7 Introduction,6e854eafcb9a944407a15eb89fd411d60a9c2103c0d27d9d7c64ead2a18e4f89
"['modules', 6, 'chapters', 0, 'lessons', 0, 'description']",0,Introduction and learning objectives for Module 7,ebbed5cf5a8162e9acadf5d1b905365823a1997e72284d7e03d7a197d328d5ea
"['modules', 6, 'chapters', 1, 'title']",0,Chapter 1: <strong>Foundational Concepts of Energy Data and Its Role in Sustainability and Equity</strong>,5bcc4da33776b289fba3b6795a79ef35284d80994358a0d4254bcc28d562ce5d
"['modules', 6, 'chapters', 1, 'description']",0,"This chapter explores how data supports equitable energy transitions, emphasizing policy impact, sustainability, and the need for strong digital governance frameworks.",ecabdb8e08ba75082a2a4fa60c0e904dd55edc1950eb719c8d04477a84c09abc
"['modules', 6, 'chapters', 1, 'lessons', 0, 'title']",0,Chapter 1 Introduction,4967392e984184d343aa7f07af423fbd17562cc0b2dccfe55404d5e8cfb2ba6b
"['modules', 6, 'chapters', 1, 'lessons', 1, 'title']",0,Lesson 1: <strong>Introduction to Energy Data</strong>,44c2d9cd49db875fb69e44f601d8cf918ceaac810fd86aa27b05bf34eb261073
"['modules', 6, 'chapters', 1, 'lessons', 1, 'description']",0,"This lesson breaks down the key qualities of energy data‚Äîlike accuracy, reliability, and timeliness‚Äîand why they matter for making better decisions.",8108702ba660dbfd5a5fa8325aaf12bfce2eb72493cc115650f58c81e61d51fc
"['modules', 6, 'chapters', 1, 'lessons', 1, 'description']",1,"It also looks at how data fits into the policy-making process, from spotting problems and setting goals to tracking progress and checking results.",a1718f193052f624dc27ca845103da138867ec0df4cb4fd83a7227e99ef95e46
"['modules', 6, 'chapters', 1, 'lessons', 1, 'description']",2,It shows how data can help shape energy policies that work for everyone.,b786e7dd6342dc099dfece9fd2e940be755151fa11fb64dd71efe91569b50a6d
"['modules', 6, 'chapters', 1, 'lessons', 2, 'title']",0,Lesson 2: <strong>The Role of Data in Advancing Sustainable Energy And Equity</strong>,4d24f08158e534b6a0b5f59f4af9bbcd602cd203e28d784c80936bb33f80cf3d
"['modules', 6, 'chapters', 1, 'lessons', 2, 'description']",0,"This lesson highlights the critical role of data in advancing sustainable energy and equity, emphasizing its use to track progress, measure impacts, and address disparities.",dd19e0e121ef05c85ef94191d6983a87f77e09ef54cba785e62cc7331bf7eabd
"['modules', 6, 'chapters', 1, 'lessons', 2, 'description']",1,Key tools include UNDP‚Äôs Energy Moonshot Tracker for monitoring global energy access initiatives and the World Bank‚Äôs Multi-Tier Framework to assess energy equity beyond basic metrics.,32666c1653094cb8127b3d51d96896df9942ea954b3f94e2d4076b60485e3670
"['modules', 6, 'chapters', 1, 'lessons', 2, 'description']",2,"It underscores the need for transparent reporting and ethical data practices to ensure accountability, build trust, and inform policies that balance sustainability with social justice.",6e700857895b5195f44851a120b41392008165d725a2a09fc7a1d473235a301d
"['modules', 6, 'chapters', 1, 'lessons', 3, 'title']",0,Lesson 3: <strong>The Energy Data Value Chain</strong>,6a3bbfd4c5868df8b65fab5f8ab36169828fac1e3f24a8dde7f74aca4ec41195
"['modules', 6, 'chapters', 1, 'lessons', 3, 'description']",0,This lesson delves deeper into the stages of the data value chain and explore the challenges faced by developing communities in leveraging data for sustainable energy development.,4f54e555e9d423351948f5a692f149d95cefd5cbb3d41db7c7d4d18a350095f1
"['modules', 6, 'chapters', 1, 'lessons', 3, 'description']",1,This analysis highlights the critical role of data in bridging knowledge gaps and advancing equitable energy transitions.,fcf0bd8ad5cc8d57878af03e015650cdf0c671e43eef4a8dde6fc3762aa5e35f
"['modules', 6, 'chapters', 1, 'lessons', 4, 'title']",0,Chapter 1 Outro,a3066505c8df5f13f89d934abff6b85d7b0ab812d7553e6b61927d746cc6b4d2
"['modules', 6, 'chapters', 1, 'lessons', 4, 'description']",0,Outro of the chapter and wrap-up.,106690cf445cf90197d996d0a49c12e84d3f1aa1b4576fad0eecee9ad8ecc035
"['modules', 6, 'chapters', 2, 'title']",0,"Chapter 2: <strong>Approaches to Planning, Monitoring, and Evaluation in Sustainable Energy</strong>",66a94d1a873a7130dc24a956a07cbc752df236746be514bfa8eda71e61197c92
"['modules', 6, 'chapters', 2, 'description']",0,"This chapter explores planning, monitoring, and evaluation frameworks that align energy projects with sustainability goals through inclusive, data-driven, and gender-responsive strategies.",d4203d70a2dddad12c038ddc401893911ac401c837423af8fce0cdddec9f78db
"['modules', 6, 'chapters', 2, 'lessons', 0, 'title']",0,Chapter 2 Introduction,2ed4868b4179970a36b304c2d2993b7551e0cc7800a8bb07746aedfdd47af7f1
"['modules', 6, 'chapters', 2, 'lessons', 1, 'title']",0,Lesson 1: <strong>Strategic Energy Planning at The Policy Level</strong>,7c8610229a7b795f55a10d0aedbaae81b1bc65a8d209ea7e4fc999883b3cfc4a
"['modules', 6, 'chapters', 2, 'lessons', 1, 'description']",0,"This lesson highlights strategic energy planning as vital for balancing energy security, economic growth, and climate goals.",21723d364542916f6b524b183b3e03e81f652b0becb2290c18dbbf07ab1343ba
"['modules', 6, 'chapters', 2, 'lessons', 1, 'description']",1,"It emphasizes holistic frameworks that integrate resource assessment, stakeholder engagement, and long-term objectives to align policies with sustainability.",995709eecaef9135b1133b4ea3df11f3ec4d5a5b50c394d6f8dd7b24ac36308c
"['modules', 6, 'chapters', 2, 'lessons', 1, 'description']",2,"Key tools like energy system modeling enable adaptable, data-driven strategies, addressing socio-economic and environmental priorities.",5beeb930db2ba289d92af8acc32f20f56186fb9b55056c945d22aa282a3900ca
"['modules', 6, 'chapters', 2, 'lessons', 1, 'description']",3,"The focus is on dynamic planning processes that evolve with technological shifts and climate challenges, ensuring equitable, resilient pathways toward net-zero futures.",519a674644f459e9b3391dadaf61839ee4023a1c17e3307e39bddbe02ad468d7
"['modules', 6, 'chapters', 2, 'lessons', 2, 'title']",0,"Lesson 2: <strong>Fundamentals of Project Planning, Monitoring, and Evaluation</strong>",386fb06dd87f622b392a44013b2d581515a7bccb280b709fdb30affcfe6b3872
"['modules', 6, 'chapters', 2, 'lessons', 2, 'description']",0,"This lesson highlights the fundamentals of project planning, monitoring, and evaluation (PM&E) as essential tools for advancing sustainable energy goals.",9e9cb610d55ab93ff8ee451bd07d6f28276c8ed7f7bdef38d604e3dc3b60c65f
"['modules', 6, 'chapters', 2, 'lessons', 2, 'description']",1,"Rooted in principles like local ownership, stakeholder inclusivity, and outcome-focused effectiveness, PM&E fosters transparency, accountability, and adaptability, ensuring energy projects deliver equitable, sustainable results through iterative learning and evidence-based decision-making.",549668920bc2efa9dcbea644c5c950e03157d20189992b7936b1436ffbf98151
"['modules', 6, 'chapters', 2, 'lessons', 3, 'title']",0,Lesson 3: <strong>Gender and Intersectionality in Energy Data and Planning</strong>,f780060b3988def0906f6f812fbde06253bed4cd98f91a5860ca3ed462165f76
"['modules', 6, 'chapters', 2, 'lessons', 3, 'description']",0,"This lesson examines the integration of gender and intersectionality into energy data and planning, emphasizing the systemic disparities faced by marginalized groups.",0c860547ae644486b2d1807c23b51b1fa33a0a0e74128af239659b48680c43fa
"['modules', 6, 'chapters', 2, 'lessons', 3, 'description']",1,"It explores challenges in sex-disaggregated data collection, gender-responsive policy design, and inclusive participatory approaches to decision-making.",8ee8c05229fc21c68b3aa5a25b1116f99f667719bd09c9ecc1de6f39d443647d
"['modules', 6, 'chapters', 2, 'lessons', 3, 'description']",2,The lesson underscores the need for intersectional analysis to address overlapping inequalities and ensure equitable energy access and planning.,5da8ccd6ecdb56babdaa0094b489441cd977f0b225ae1f8aeb257aca623490d0
"['modules', 6, 'chapters', 2, 'lessons', 4, 'title']",0,Chapter 2 Outro,9f04c62d7cc6e967f6b54a472f357aa0f9576e8ad0be7d680c87501be42ed47f
"['modules', 6, 'chapters', 2, 'lessons', 4, 'description']",0,Outro of the chapter and wrap-up.,106690cf445cf90197d996d0a49c12e84d3f1aa1b4576fad0eecee9ad8ecc035
"['modules', 6, 'chapters', 3, 'title']",0,Chapter 3: <strong>Tools and Techniques for Data-Driven Insights in Energy</strong>,b13be6eb726c0966e5a93a57b34aca0baee349e8df24ef5c9f4fd1bb65ed9549
"['modules', 6, 'chapters', 3, 'description']",0,"This chapter highlights data science, AI, and energy modelling tools for analysis, planning, and decision-making in sustainable energy systems.",13f1e0622df8d48b08612d2ddc0829616a65b50ae39c29b0ff973e4cd865dcc0
"['modules', 6, 'chapters', 3, 'lessons', 0, 'title']",0,Chapter 3 Introduction,8d1c3d7a5df58afb8b557914dad0c461b59c8a3716413be614f24ea1fee47853
"['modules', 6, 'chapters', 3, 'lessons', 1, 'title']",0,Lesson 1: <strong>Data Science Techniques for Energy Analysis</strong>,93ec1e4d328878833889ce1459b6ca64844c1b990037376d3b02b26617e57477
"['modules', 6, 'chapters', 3, 'lessons', 1, 'description']",0,"This lesson explores data science techniques for energy analysis, covering exploratory data analysis (EDA) methods like anomaly detection and predictive modeling.",ae8db34062d69f76da1f87f4870813c7f9fb36fbf6659917a9adbe2f7633a86b
"['modules', 6, 'chapters', 3, 'lessons', 1, 'description']",1,"It highlights AI-driven automation in data cleaning, remote sensing integration with GIS for renewable energy optimization, and the role of data visualization in translating complex energy data into actionable insights.",853ffcdf4d24a7e29c2886f7167ae251fe8e6d4077c2b4b726e5381b6da85e92
"['modules', 6, 'chapters', 3, 'lessons', 1, 'description']",2,The lesson emphasizes leveraging these tools to enhance decision-making and sustainability in the energy sector.,853b8b6b11d8c6527b442a199688fc3d0e52e2f514a227474d9640117c878e48
"['modules', 6, 'chapters', 3, 'lessons', 2, 'title']",0,Lesson 2: <strong>Energy Modelling Tools and Applications</strong>,90f5dce449f29e6c0c1030d409a076cea5b4aa0ea935d35f4db99967e6e3dc4f
"['modules', 6, 'chapters', 3, 'lessons', 2, 'description']",0,"This lesson explores energy modelling tools and their applications in analyzing and optimizing energy systems, covering descriptive, prescriptive, and predictive models for policy analysis, scenario planning, and load forecasting.",4d24b52dc85bf2645c51e5ebb908267bbf62ddd21c59179066770360558cc089
"['modules', 6, 'chapters', 3, 'lessons', 2, 'description']",1,"It highlights renewable energy integration, grid stability, and the role of data value chains in ensuring accurate models to support sustainable energy decision-making and efficient resource management.",d85d3467c4dd54b51276e197acd614bd551da2152af5441c207486dd6ce3bd25
"['modules', 6, 'chapters', 3, 'lessons', 3, 'title']",0,Chapter 3 Outro,962c4d3e9dfd699621d61cf50219c50ceef5fcd121b12becf3d40a30067cdead
"['modules', 6, 'chapters', 3, 'lessons', 3, 'description']",0,Outro of the chapter and wrap-up.,106690cf445cf90197d996d0a49c12e84d3f1aa1b4576fad0eecee9ad8ecc035
"['modules', 6, 'chapters', 4, 'title']",0,Chapter 4: <strong>Future Directions for Data in the Energy Sector</strong>,7cb1bbe6bbea694eaeb487720458752f21632a5413d9c96bbb7c222513357755
"['modules', 6, 'chapters', 4, 'description']",0,"This chapter explores how AI and data science optimize energy systems, improve efficiency, manage renewables, and support digital energy transformation.",854046e4c8dfe83c4e530ed52e043707c4def6ceca4e4fe35a8fbbc720b8650c
"['modules', 6, 'chapters', 4, 'lessons', 0, 'title']",0,Chapter 4 Introduction,ce4b99880b283251257679b1822a12012774bb667a46ff4b5b039806826d8bab
"['modules', 6, 'chapters', 4, 'lessons', 1, 'title']",0,Lesson 1: <strong>System-Level Enablers for Innovation in Energy Data</strong>,71fb8e9c55025408722dc408d1bdd582ec7e49060ad6ceab93e108a5e3644331
"['modules', 6, 'chapters', 4, 'lessons', 1, 'description']",0,"This lesson explores the digital foundations needed for equitable energy innovation, highlighting the role of resilient infrastructure, open data, and interoperability.",25d1634a7e438e3e0b2a40a4b49c5d04e39088083f0832e6b135f7af156e6d7b
"['modules', 6, 'chapters', 4, 'lessons', 1, 'description']",1,"It emphasizes metadata standards, data governance, and the need for trained personnel.",e00b3b166a3ba948757e9f0411565b3286b80ca6b94a0f8a41e067b87a43a1e1
"['modules', 6, 'chapters', 4, 'lessons', 1, 'description']",2,"Learners will examine how these elements enable ethical, inclusive use of AI and energy data.",f96a3fe73fc5c7fc95e28b35c829f039bb15a74862befea098ad583f7f3c94a8
"['modules', 6, 'chapters', 4, 'lessons', 2, 'title']",0,Lesson 2: <strong>Advanced Technologies in Energy Systems</strong>,bed3622056bebdc29a6aece3147be8e9b184b9533ae647d3e73c59839f5ff481
"['modules', 6, 'chapters', 4, 'lessons', 2, 'description']",0,"This lesson explores how AI and IoT are transforming energy systems, from forecasting and efficiency to real-time grid management.",02ede10f3bd348f70aac66141b58b9fbf3f271e69d46ab3230ca01ababbfa56a
"['modules', 6, 'chapters', 4, 'lessons', 2, 'description']",1,"It examines the opportunities and risks of digital infrastructure, emphasizing context-aware, inclusive innovation.",40bf3b183d949515ab172b64d9592190010a1723826501289e1d46da420ea9bf
"['modules', 6, 'chapters', 4, 'lessons', 2, 'description']",2,Learners will critically assess how intelligent systems can support resilient and equitable energy transitions.,d168756af529df27b3a761a783a7da80b8e7c5ac6c6ee08873ec4ee50a9cc138
"['modules', 6, 'chapters', 4, 'lessons', 3, 'title']",0,Lesson 3: <strong>Anticipating Future Trends and Ensuring Equitable Digital Futures</strong>,1393007b8d420e204b1630c3ec23106751a4cf825043efab1212a2a00cbe02c1
"['modules', 6, 'chapters', 4, 'lessons', 3, 'description']",0,"This lesson examines how blockchain and emerging technologies can support equitable energy futures, focusing on transparency, inclusion, and data justice.",bd2cd9f7bde7fe68a43bdd052af5c9a5c57726a0e1db497dcc0fdb6303d3af5c
"['modules', 6, 'chapters', 4, 'lessons', 3, 'description']",1,It highlights risks and design principles to ensure innovation benefits all.,c480c65ca5c4a98cb7431c0c157b591a1aa0a4fbb8689aea3657a2a3c6749772
"['modules', 6, 'chapters', 4, 'lessons', 4, 'title']",0,Chapter 4 Outro,55a03eecae1c33be8c71f9b7ec2993e44e30636848d76f862e1179d465e5c699
"['modules', 6, 'chapters', 4, 'lessons', 4, 'description']",0,Outro of the chapter and wrap-up.,106690cf445cf90197d996d0a49c12e84d3f1aa1b4576fad0eecee9ad8ecc035
"['modules', 6, 'chapters', 5, 'title']",0,Module 7 Outro,97dbff363f91c6da6a674f175d0b4db5db2cbc83d6097ff929530e6455d3a95f
"['modules', 6, 'chapters', 5, 'description']",0,"Module 7 offers a in-depth introduction to the role of energy data in planning, monitoring, and evaluation for sustainable energy development.",8bc0314f66517bcf84a9fcc2c8cd8a07fe182aa54402ce6d5df49f6bd5a085a0
"['modules', 6, 'chapters', 5, 'description']",1,"It emphasizes the importance of reliable, ethical data for achieving SDG7, explores standardized frameworks, key indicators, and challenges, and introduces innovative tools like AI and energy modeling for informed policymaking.",e8498ffb6283d9b5591f30bdbabd7b517e20dfa1b59c38f3ed16c93743a048f8
"['modules', 6, 'chapters', 5, 'lessons', 0, 'title']",0,Module 7 Quiz,8435251bd936866bcb246475b41c331c768f5d5e92216c5749337c9bdf523c2a
"['modules', 6, 'chapters', 5, 'lessons', 0, 'description']",0,Test your understanding of all lessons in this module.,126719e4d0a6d8494be6872dbe0147a08117ef9b6058e98dc406d80e229e9f8f
"['modules', 6, 'chapters', 5, 'lessons', 1, 'title']",0,Module 7 Outro,97dbff363f91c6da6a674f175d0b4db5db2cbc83d6097ff929530e6455d3a95f
"['modules', 7, 'title']",0,Innovation in Sustainable Energy,dbf170f305eca2f6a02d1c0aeed1d7507e360bbb05c2b30533e9082ff87aaad5
"['modules', 7, 'description']",0,"Module 8 explores future energy trends and projections, emphasizing the creation of enabling environments for innovation.",a7cf03fb652055a083b18c975174ac3b7a62622ae0f122fd5cb4a0fbe108247d
"['modules', 7, 'description']",1,"It highlights the role of partnerships, collaboration, and inclusive practices in driving sustainable energy transitions.",5d543bd562b6e0a86db7e107ea53cb6ba65a70e81a2af7be3fd070ad3937d4bd
"['modules', 7, 'description']",2,Learners will gain tools to foster innovation ecosystems and lead transformative change across the global energy landscape.,d09c92881da4fea981b63a83544b31e8adc23eb872c55a9c38df9026983af52b
"['modules', 7, 'chapters', 0, 'title']",0,Module 8 Introduction,fd4c50db635568fb27efdc70666f3a8804a1c7f034e2f71d6496a9627bd5d91d
"['modules', 7, 'chapters', 0, 'lessons', 0, 'title']",0,Module 8 Introduction,fd4c50db635568fb27efdc70666f3a8804a1c7f034e2f71d6496a9627bd5d91d
"['modules', 7, 'chapters', 0, 'lessons', 0, 'description']",0,Introduction and learning objectives for Module 8,e9ae8c78e51f6f2640ce15f2b610c559fafdf14bed8a5cdde65225e99f21c036
"['modules', 7, 'chapters', 1, 'title']",0,Chapter 1: <strong>Future Trends and Projections¬†</strong>,172a8fb204617f4a596a51b6e5d12de8e1e694371f3e700f0f0df8bcf1e59202
"['modules', 7, 'chapters', 1, 'description']",0,"The chapter introduces renewable energy, its benefits, challenges, technologies, and role of data in supporting a just, inclusive global energy transition.",5f26094f4a3920cb1c29b46b5acf6e01daac13bcdb21f8e870bb3b28ef316f8d
"['modules', 7, 'chapters', 1, 'lessons', 0, 'title']",0,Chapter 1 Introduction,4967392e984184d343aa7f07af423fbd17562cc0b2dccfe55404d5e8cfb2ba6b
"['modules', 7, 'chapters', 1, 'lessons', 1, 'title']",0,Lesson 1: <strong>Key Drivers of Future Energy Demand and System Transformation</strong>,85044fc12f4cfe749f1e98a77833761e450c67b5dda5b6334235f9d9bd78f181
"['modules', 7, 'chapters', 1, 'lessons', 1, 'description']",0,"Explores macroeconomic trends, demographic shifts, and technological factors‚Äîsuch as digitalization, improved energy efficiency, and electrification of hard-to-abate sectors‚Äîthat are reshaping energy demand.",1d2412854f36b96979ee7564a3f8d8a264b5616d4844c9f63c2d6591d16ac7e1
"['modules', 7, 'chapters', 1, 'lessons', 1, 'description']",1,It emphasizes understanding how these drivers contribute to system transformation.,aec4337422f024875c1d94f30cc163e6b541aab689cf897af924da9211737213
"['modules', 7, 'chapters', 1, 'lessons', 2, 'title']",0,"Lesson 2: <strong>The Changing Landscape of Energy Supply: Resources, Markets, and Policies</strong>",c587b1818de4d3794fd0f87d019bb49d025ef70f84aaf0e06f2d23d886ddbe74
"['modules', 7, 'chapters', 1, 'lessons', 2, 'description']",0,"Analyzes the interplay between renewable and fossil fuels, evolving supply chains, and government policies in energy sourcing.",8607ab295116e31c57ad3fc1b2981c201ff7ddb74e7e75790905069fc91df431
"['modules', 7, 'chapters', 1, 'lessons', 2, 'description']",1,"It examines how market dynamics, technological innovations, and geopolitical factors are redefining energy supply and resource management.",f4a78770dd365c10bb9b7d2ddf119601660477d38e46c18f55c144ce7a895dca
"['modules', 7, 'chapters', 1, 'lessons', 3, 'title']",0,"Lesson 3: <strong>Challenges, Tipping Points and Solutions in Renewable Energy</strong>",d4c4e2fa3071a691fee4c6200ef3fd73d1b27e4bd358637efdb323c56635c9f2
"['modules', 7, 'chapters', 1, 'lessons', 3, 'description']",0,"Discusses technical challenges like grid stability and renewable integration, as well as non-technical barriers such as cost constraints and public acceptance.",ddd79e61df5ebd456f77d8627ca17e9f03cf12a79558b131012e458fd7cd1d7d
"['modules', 7, 'chapters', 1, 'lessons', 3, 'description']",1,"It provides insights into critical tipping points and potential solutions through policy, market reforms, and technological innovation.",4fe55d53231487f32986f09c62fae5cd5e038be1f5cad51cc017e87c389a4fee
"['modules', 7, 'chapters', 1, 'lessons', 4, 'title']",0,Chapter 1 Outro,a3066505c8df5f13f89d934abff6b85d7b0ab812d7553e6b61927d746cc6b4d2
"['modules', 7, 'chapters', 1, 'lessons', 4, 'description']",0,Outro of the chapter and wrap-up.,106690cf445cf90197d996d0a49c12e84d3f1aa1b4576fad0eecee9ad8ecc035
"['modules', 7, 'chapters', 2, 'title']",0,Chapter 2: <strong>Creating an Enabling Environment for an Innovation-Driven Energy Transition</strong>,059ffe97f8786dc5be82ae660eece6992db1937dc8287fad975564ef1d9563b4
"['modules', 7, 'chapters', 2, 'description']",0,"This chapter examines key renewable energy technologies, their innovations, benefits, and challenges in driving a diverse, low-carbon, and sustainable future.",07615d4fd4c84584043722f56af44153301c35cac659e28715476fbb2668f7d2
"['modules', 7, 'chapters', 2, 'lessons', 0, 'title']",0,Chapter 2 Introduction,2ed4868b4179970a36b304c2d2993b7551e0cc7800a8bb07746aedfdd47af7f1
"['modules', 7, 'chapters', 2, 'lessons', 1, 'title']",0,Lesson 1: <strong>Policy and Market Mechanisms for Innovation</strong>,8d5f0474bef126d0a114122da7f559e75404b08007357b123c26ad89ba2d0c6e
"['modules', 7, 'chapters', 2, 'lessons', 1, 'description']",0,"Evaluates the impact of carbon pricing, emissions trading schemes, and government incentives on accelerating clean energy innovation.",64875ff44fbb7c249b728fbf20540aa90f284d458f176406594b14f4ffd389ca
"['modules', 7, 'chapters', 2, 'lessons', 1, 'description']",1,It details how market reforms and supportive policies drive investments in emerging energy technologies.,2a3c79002b6b16262a4665f8d0f66f54eb90a0f812826cceed09f0e4edf5cef0
"['modules', 7, 'chapters', 2, 'lessons', 2, 'title']",0,Lesson 2: <strong>The Role of Emerging Sectors in Future Energy Systems</strong>,0f670751c289d539c656c1b10d5d1af8e757603963665866b106cd9878c14264
"['modules', 7, 'chapters', 2, 'lessons', 2, 'description']",0,"Highlights how decentralized energy resources, electric vehicle integration, and niche technologies are reshaping future energy systems.",5a531eaa03b2e21932cbce8e1533a9c27a1aca42b88fa3350f4491ed5a19dc23
"['modules', 7, 'chapters', 2, 'lessons', 2, 'description']",1,"The lesson explores community-based energy models, EV charging innovations, and emerging trends in battery technology and energy decentralization.",ded1d223dd43c45d4fe0781e2a2632f58db7240f26afb3f96452d175dca13da7
"['modules', 7, 'chapters', 2, 'lessons', 3, 'title']",0,Lesson 3: <strong>Intersectionality as a Framework for Innovation in Energy</strong>,c363ea03452223b1cf27a9494eadb6d0b785c6af8978ed819005b0f1b7b986ce
"['modules', 7, 'chapters', 2, 'lessons', 3, 'description']",0,"Investigates how incorporating diverse perspectives‚Äîconsidering gender, socioeconomic status, and geography‚Äîcan lead to more inclusive energy solutions.",90e8e0db3e0c0040a60456958ef8b3d2527466615603078b38cca049feefbcd5
"['modules', 7, 'chapters', 2, 'lessons', 3, 'description']",1,It discusses how intersectional approaches foster equitable policies and innovation in energy systems.,40cdce19e27cd050805fc76adb235d8ecddb0d8ab20abdb158ff544fff593377
"['modules', 7, 'chapters', 2, 'lessons', 4, 'title']",0,Lesson 4: <strong>Critical Transformations for the Energy Transition</strong>,3dd1671c7284679c03a2550bc5f8bfc2b2ba3251628287320173dc1303595e5c
"['modules', 7, 'chapters', 2, 'lessons', 4, 'description']",0,"Addresses the need for infrastructure modernization, resilient supply chains, and circular economy practices in the energy sector.",730012d308c57a6c92e474e403e63ea791d30b08dbf5918a63effc797b54e4e5
"['modules', 7, 'chapters', 2, 'lessons', 4, 'description']",1,"The lesson emphasizes upgrading grid systems, diversifying supply sources, and promoting sustainable resource use as key transformation drivers.",2d01447ee6135bf0d2b163ae3eb65b02e3ae56a2e70177f1653c18a4b52d2077
"['modules', 7, 'chapters', 2, 'lessons', 5, 'title']",0,Chapter 2 Outro,9f04c62d7cc6e967f6b54a472f357aa0f9576e8ad0be7d680c87501be42ed47f
"['modules', 7, 'chapters', 2, 'lessons', 5, 'description']",0,Outro of the chapter and wrap-up.,106690cf445cf90197d996d0a49c12e84d3f1aa1b4576fad0eecee9ad8ecc035
"['modules', 7, 'chapters', 3, 'title']",0,Chapter 3: <strong>Action</strong>,698e00bf8d9412f200a4bdfad9077fd475abb9c095f088ad1c980a1f7a103cf9
"['modules', 7, 'chapters', 3, 'description']",0,"This chapter explores some innovations—decentralized systems, energy storage, and circular economy—that enhance resilience, access, and sustainability in the energy transition.",d13161d075b66b935367e345e79ee7da63eab1949fb65b6bcba4430be80a9964
"['modules', 7, 'chapters', 3, 'lessons', 0, 'title']",0,Chapter 3 Introduction,8d1c3d7a5df58afb8b557914dad0c461b59c8a3716413be614f24ea1fee47853
"['modules', 7, 'chapters', 3, 'lessons', 1, 'title']",0,Lesson 1: <strong>Actionable Steps Toward a Sustainable Energy Future</strong>,409b7f2e3f92c65b73268842c7519e2b9fb46afd0e3dddca7893e43578d8066a
"['modules', 7, 'chapters', 3, 'lessons', 1, 'description']",0,"Presents practical policy recommendations, industry strategies, and community initiatives aimed at accelerating the clean energy transition.",65c260c292cb615fb2371cd52a1967a5d85f33904f8d2c7f81444f6063a92d1f
"['modules', 7, 'chapters', 3, 'lessons', 1, 'description']",1,"It offers a roadmap for aligning national policies, addressing financing gaps, and enhancing public engagement for a sustainable future.",ab382ba76e8ca4f2a3ac43f72b4d5b4131632eaa7ce1b242f48c11fa2032e271
"['modules', 7, 'chapters', 3, 'lessons', 2, 'title']",0,Lesson 2: <strong>Partnership Ecosystems for Sustainable Energy</strong>,358fe25473959dce1e30dd3da921eb9342e375d32c4a27cd0d4fc04327d5c6f7
"['modules', 7, 'chapters', 3, 'lessons', 3, 'title']",0,Lesson 3: <strong>Closing key messages and call to action</strong>,618f069799fba3108d24e0684f0f42b4343752b78b9eaa2691c71aaefd74640a
"['modules', 7, 'chapters', 3, 'lessons', 4, 'title']",0,Chapter 3 Outro,962c4d3e9dfd699621d61cf50219c50ceef5fcd121b12becf3d40a30067cdead
"['modules', 7, 'chapters', 3, 'lessons', 4, 'description']",0,Outro of the chapter and wrap-up.,106690cf445cf90197d996d0a49c12e84d3f1aa1b4576fad0eecee9ad8ecc035
"['modules', 7, 'chapters', 4, 'title']",0,Module 8 Outro,39c5b604d148ad88fd8b9921b19af6c143d5cdc2ef6d05a1aa992dadc52e28c5
"['modules', 7, 'chapters', 4, 'description']",0,"Module 8 explores future energy trends and projections, emphasizing the creation of enabling environments for innovation.",a7cf03fb652055a083b18c975174ac3b7a62622ae0f122fd5cb4a0fbe108247d
"['modules', 7, 'chapters', 4, 'description']",1,"It highlights the role of partnerships, collaboration, and inclusive practices in driving sustainable energy transitions.",5d543bd562b6e0a86db7e107ea53cb6ba65a70e81a2af7be3fd070ad3937d4bd
"['modules', 7, 'chapters', 4, 'description']",2,Learners will gain tools to foster innovation ecosystems and lead transformative change across the global energy landscape.,d09c92881da4fea981b63a83544b31e8adc23eb872c55a9c38df9026983af52b
"['modules', 7, 'chapters', 4, 'lessons', 0, 'title']",0,Module 8 Quiz,22eea479861efe931edf553f3f71e13542889c968dc4ce434f9834048e988a49
"['modules', 7, 'chapters', 4, 'lessons', 0, 'description']",0,Test your understanding of all lessons in this module.,126719e4d0a6d8494be6872dbe0147a08117ef9b6058e98dc406d80e229e9f8f
"['modules', 7, 'chapters', 4, 'lessons', 1, 'title']",0,Module 8 Outro,39c5b604d148ad88fd8b9921b19af6c143d5cdc2ef6d05a1aa992dadc52e28c5
