Lesson Number,Lesson Title,Chapter Title,Module Title,Description,Resource Number,Key Concept,Concept Definition,Resource Title,Resource Description,Resource Link,Resource Source
1.1.1,Introduction to the Energy for Development pathway,Introduction to Energy Systems  ,Intro to Sustainable Energy for Development,Understanding the role of sustainable energy for human well-being and development,1,energy for development,"Energy for development refers to the provision and use of energy resources to support economic growth, improve living standards, and enhance social well-being in communities, particularly in developing regions.","Tracking SDG7: The Energy Progress Report, 2024",,https://www.iea.org/reports/tracking-sdg7-the-energy-progress-report-2024,"IEA, IRENA, UNSD, World Bank, WHO"
1.1.1,,,,,2,energy trilemma,"The energy trilemma refers to the challenge of balancing three key objectives in energy policy: ensuring energy security, promoting environmental sustainability, and providing energy equity or affordability for all consumers.",World Energy Outlook 2023,,https://www.iea.org/reports/world-energy-outlook-2023,IEA
1.1.1,,,,,3,paris agreement goals,"The Paris Agreement goals refer to the international commitments made by countries to limit global warming to well below 2 degrees Celsius above pre-industrial levels, with efforts to limit the temperature increase to 1.5 degrees Celsius, and to enhance the ability to adapt to climate change impacts.",World Energy Transitions Outlook 2024,,https://www.irena.org/Publications/2024/Nov/World-Energy-Transitions-Outlook-2024,IRENA
1.1.2,The Sustainable Energy Landscape,,,Exploring the benefits of sustainable energy and examining the energy transition ,1,nationally determined contributions,"Nationally Determined Contributions (NDCs) are the climate action plans that countries submit to outline their commitments to reduce greenhouse gas emissions and adapt to climate change, as part of the Paris Agreement.",Global Landscape of Renewable Energy Finance 2023,,https://www.irena.org/Publications/2023/Feb/Global-landscape-of-renewable-energy-finance-2023,IRENA
1.1.2,,,,,2,sustainable energy & renewable energy,"Sustainable energy refers to energy sources that are environmentally friendly and can be maintained over the long term without depleting resources or harming the ecosystem. Renewable energy is a subset of sustainable energy that comes from natural processes that are continuously replenished, such as solar, wind, and hydro power.",Innovation Landscape for Smart Electrification,,https://www.irena.org/Publications/2023/Jun/Innovation-landscape-for-smart-electrification,IRENA
1.1.2,,,,,3,just energy transition,"A just energy transition refers to the shift from fossil fuels to renewable energy sources in a way that is fair and equitable, ensuring that all communities, especially those historically marginalized, benefit from the transition and are not left behind.",Renewable Energy and Jobs: Annual Review 2023,,https://www.irena.org/Publications/2023/Sep/Renewable-energy-and-jobs-Annual-review-2023,IRENA
1.2.1,Access to electricity and clean cooking (SDG 7.1),Interlinkages between Energy and Other SDGs,,Catalyzing progress across the SDGs through universal energy access,1,clean cooking,"Clean cooking refers to the use of safe, efficient, and environmentally friendly cooking technologies and fuels that reduce indoor air pollution and minimize health risks, while also lowering greenhouse gas emissions.",A Vision for Clean Cooking Access for All,,https://www.iea.org/reports/a-vision-for-clean-cooking-access-for-all,IEA
1.2.1,,,,,2,energy and health,"The relationship between energy consumption, production, and its impact on human health, including how energy systems affect air quality, access to clean water, and overall well-being.",Clean Cooking Alliance 2024 Annual Report,,https://cleancooking.org/news/clean-cooking-alliance-releases-2024-annual-report/,Clean Cooking Alliance
1.2.1,,,,,3,sdg synergies,"SDG synergies refer to the interconnected benefits and positive interactions that occur when efforts to achieve one Sustainable Development Goal (SDG) also support the achievement of other SDGs, leading to more effective and holistic progress in sustainable development.",Electricity 2025,,https://www.iea.org/reports/electricity-2025,IEA
1.2.2,Renewable energy (SDG 7.2) ,,,Leveraging the SDG synergies and navigating the trade-offs in the energy transition,1,community rights in renewable energy,"Community rights in renewable energy refer to the legal and social entitlements of local communities to participate in, benefit from, and have a say in renewable energy projects that affect their environment and livelihoods.",UN Energy Compacts,,https://www.un.org/sites/un2.un.org/files/energycompacts-annual-progress-report2024-007_compressed.pdf,UN
1.2.2,,,,,2,energy value chain,"The energy value chain refers to the full range of processes involved in the production, distribution, and consumption of energy, including extraction, generation, transmission, and end-use.","Position Paper: Off-Grid Renewable Energies to Achieve SDG 7 and SDG 13 â Cheaper, Cleaner, and Smarter",,https://www.ruralelec.org/publication/position-paper-off-grid-renewable-energies-to-achieve-sdg-7-and-sdg-13-cheaper-cleaner-and-smarter/,Alliance for Rural Electrification
1.2.2,,,,,3,water-energy-food nexus,"The water-energy-food nexus refers to the interconnectedness of water, energy, and food systems, highlighting how the management of one resource affects the others, and emphasizing the need for integrated approaches to ensure sustainability and security in these critical areas.",2023 Policy Briefs in Support of the High-Level Political Forum,,https://sdgs.un.org/sites/default/files/2023-07/2023%20Policy%20Briefs%20in%20Support%20of%20the%20High-Level%20Political%20Forum-071023.pdf?_gl=1*16t6zhv*_ga*MTMxMDE1ODkxMi4xNzIxMjA5NzY0*_ga_TK9BQL5X7Z*MTcyMjQzNTAwNS4yLjEuMTcyMjQzNTA4Ni4wLjAuMA..,UN
1.2.3,Energy Efficiency (SDG 7.3),,,Improving energy efficiency for building sustainable and resilient socieities,1,energy and digitalization,"Energy and digitalization refers to the integration of digital technologies into the energy sector, enhancing efficiency, management, and innovation in energy production, distribution, and consumption.",Policies for Sustainable Energy & Energy Efficiency,,https://www.esmap.org/node/137960,ESMAP
1.2.3,,,,,2,energy efficiency,"Energy efficiency refers to using less energy to perform the same task or produce the same outcome, thereby reducing energy waste and lowering costs.",Energy Efficiency 2022,,https://www.iea.org/reports/energy-efficiency-2022,IEA
1.2.3,,,,,3,waste-to-energy solutions,"Waste-to-energy solutions are processes that convert non-recyclable waste materials into usable forms of energy, typically electricity or heat, through methods such as combustion, gasification, or anaerobic digestion.",Energy Efficiency: The Decade for Action,,https://www.iea.org/reports/energy-efficiency-the-decade-for-action,IEA
1.3.1,Integrated Approach,"Approaches, Methods and Tools for Strategic Innovation ",,Adopting varied approaches and tools to deliver the energy transition,1,critical minerals for energy transition,"Critical minerals for energy transition are essential raw materials, such as lithium, cobalt, and rare earth elements, that are necessary for the production of renewable energy technologies, batteries, and electric vehicles, playing a key role in reducing carbon emissions and facilitating the shift to sustainable energy systems.","At the Current Pace, Only 23% of the Sustainable Development Goal Targets Will Be Achieved by 2030 in Latin America and the Caribbean",,https://www.cepal.org/en/pressreleases/current-pace-only-23-sustainable-development-goal-targets-will-be-achieved-2030-latin,Economic Commission for Latin America and the Caribbean
1.3.1,,,,,2,energy diversification,"Energy diversification refers to the strategy of using a variety of energy sources and technologies to meet energy needs, reducing dependence on a single source and enhancing energy security.",Sustainable Energy Policies in Latin America and the Caribbean,,http://www.unece.org/index.php?id=41058,UNECLAC
1.3.1,,,,,3,integrated power markets,"Integrated power markets refer to interconnected electricity markets that allow for the seamless exchange of electricity across different regions or countries, promoting competition, efficiency, and reliability in energy supply.",Natural Resources in Latin America and the Caribbean - No.4,,https://repositorio.cepal.org/entities/publication/92302718-7d39-442a-8ef7-de6bbafdbf3d,UN ECLAC
1.3.2,"Frameworks, Methods, and Tools",,,"Africa’s energy transition is a transformative opportunity to address energy poverty, unlock green growth, and foster inclusive development.",1,grid reliability,Grid reliability refers to the ability of an electrical grid to consistently deliver electricity to consumers without interruptions or failures.,Renewable Energy and Sustainability Report 2023,,https://www.irena.org/Energy-Transition/Planning/SPLAT-Models-for-Africa,IEA
1.3.2,,,,,2,low-carbon transport,"Low-carbon transport refers to transportation methods and systems that produce minimal greenhouse gas emissions, often through the use of renewable energy sources, electric vehicles, public transit, cycling, and walking.",World Bank Unveils Major Initiative to Scale Up Energy Efficiency in Europe and Central Asia,,"https://www.worldbank.org/en/news/press-release/2024/06/25/world-bank-unveils-major-initiative-to-scale-up-energy-efficiency-in-europe-and-central-asia#:~:text=WASHINGTON%2C%20June%2027%2C%202024%E2%80%94,across%20Europe%20and%20Central%20Asia.",World Bank
1.3.2,,,,,3,sustainable heating,"Sustainable heating refers to methods of heating spaces that minimize environmental impact, often using renewable energy sources, energy efficiency practices, and low-carbon technologies.",Toward a Framework for a Sustainable Heating Transition in Eastern and Central Asia,,https://www.esmap.org/Toward_a_Framework_for_Sustainable_Heating_Transition_ECA,ESMAP
1.4.1,The Sustainable Energy Academy: Modules 2-8,The Sustainable Energy Academy,,Learning the vision of the Sustainable Energy Academy,1,energy moonshot,"An energy moonshot refers to an ambitious, large-scale initiative aimed at achieving a breakthrough in energy technology or sustainability, often with the goal of significantly reducing carbon emissions or enhancing energy efficiency.",UNIDO Energy Branch 2015: Advancing Sustainable Energy Solutions,,https://www.unido.org/fileadmin/user_media_upgrade/What_we_do/Topics/Energy_access/UNIDO_ENERGY_Branch_2015.pdf,UNIDO
1.4.1,,,,,2,the undp sustainable energy hub,"The UNDP Sustainable Energy Hub is a platform created by the United Nations Development Programme to promote sustainable energy solutions, facilitate knowledge sharing, and support countries in achieving their energy-related goals, particularly in the context of sustainable development and climate action.",Asia energy profile : energy sector performance (English),,https://energy.ec.europa.eu/document/download/73d666b2-f6b4-4623-bc92-5981c3e73b56_en?filename=01%20-%20Energy%20Modelling%20in%20the%20EU%20and%20China.pdf,IRENA
1.4.1,,,,,3,,,Public Finance For Universal Energy Access,,https://www.esmap.org/Toward_a_Framework_for_Sustainable_Heating_Transition_ECA,UNDP
2.1.1,Energy Access - Core Concepts,Topic Overview and Background,Energy Access and Inclusive Energy Services ,"This lesson focuses on global perspective on energy access and on the link between energy access and poverty alleviation. It also covers the nuances between energy access and inclusive energy services, and the types of energy uses and applications",1,energy access,"Energy access refers to the ability of individuals and communities to obtain reliable and affordable energy services, such as electricity and clean cooking fuels, necessary for their daily activities and economic development.",Energy Access: Towards Achievement of SDG7 & Net Zero Emissions,,https://www.esmap.org/energy-access_towards_achievement_sdg7_net_zero_emissions,ESMSP
2.1.1,,,,,2,fundamental energy needs,"The basic requirements for energy that are essential for human survival and well-being, including energy for heating, cooking, lighting, and basic transportation.",Energy Access and Air Pollution,,https://www.iea.org/reports/energy-access-and-air-pollution,IEA
2.1.1,,,,,3,inclusive energy services,"Inclusive energy services refer to energy solutions that are accessible, affordable, and equitable for all individuals and communities, particularly marginalized or underserved populations, ensuring that everyone can benefit from reliable energy access.",A Survey of International Activities in Energy Access and Electrification,,https://sustainabledevelopment.un.org/content/documents/1272A%20Survey%20of%20International%20Activities%20in%20Energy%20Access%20and%20Electrification.pdf,United Nations Development Programme
2.1.2,Sustainable Energy to power development,,,"This lesson focuses on  the critical requirements to ensure sustainable energy access, including the building blocks of sustainable energy access",1,energy and development economics,"Energy and development economics is the study of how energy resources and policies impact economic growth, social development, and environmental sustainability in different regions.",RE-organising Power Systems for the Transition,,https://www.irena.org/Publications/2022/Jun/RE-organising-Power-Systems-for-the-Transition,IRENA
2.1.2,,,,,2,sustainable energy access,"Sustainable energy access refers to the ability of all individuals and communities to obtain reliable, affordable, and clean energy sources that meet their needs without compromising the environment or future generations.",Power Planning to the People,,https://rmi.org/insight/power-planning-to-the-people/,RMI
2.1.2,,,,,3,,,Bottlenecks and Breakthroughs in Power Systems & Clean Energy,,https://www.energyalliance.org/news-insights/bottlenecks-and-breakthroughs/,Global Energy Alliance for People and Planet
2.1.3,Energy Poverty and Fuel Poverty,,,"This lesson covers the reality of energy poverty, its causes and impacts, and the tools to measure the challenge of addressing this issue",1,fuel poverty,"Fuel poverty is a situation where a household cannot afford to keep their home adequately warm due to high energy costs, low income, or poor energy efficiency.",Delivering Energy Services for Poverty Reduction: Success Stories,,https://www.undp.org/publications/delivering-energy-services-poverty-reduction-success-stories,UNDP
2.1.3,,,,,2,,,Renewables 2016 Global Status Report,,https://www.irena.org/Publications/2023/Jul/Geopolitics-of-the-Energy-Transition-Critical-Materials,REN 21
2.1.3,,,,,3,,,Global Energy Transformation Guide: Fossil Fuel Transition Strategies,,https://rmi.org/insight/global-energy-transformation-guide-fossil-fuel-transition-strategies/,RMI
2.2.1,The Energy Access Landscape,"Current Status, Trends and Barriers to Energy Access",,This lesson provides an overview of the key characteristics and statistics of the disparities in access to energy services,1,energy access for informal settlements,"Energy access for informal settlements refers to the availability and affordability of reliable energy services, such as electricity and clean cooking fuels, for residents living in unplanned or informal housing areas, ensuring they can meet their basic energy needs and improve their quality of life.",Progress on basic energy access reverses for first time in a decade,,https://www.who.int/news/item/12-06-2024-progress-on-basic-energy-access-reverses-for-first-time-in-a-decade,World Health Organization
2.2.1,,,,,2,energy in crisis settings,"Energy in crisis settings refers to the provision and management of energy resources in areas affected by emergencies, such as natural disasters, armed conflicts, or humanitarian crises, where access to reliable energy is critical for survival, recovery, and rebuilding efforts.",Guidebook for Improved Electricity Access Statistics,,https://www.iea.org/reports/guidebook-for-improved-electricity-access-statistics,IEA
2.2.1,,,,,3,global energy gap,"The global energy gap refers to the disparity between the world's energy demand and the available energy supply, highlighting the need for increased energy production and sustainable solutions to meet future energy needs.",Asia-Pacific Progress in Sustainable Energy,,https://trackingsdg7.esmap.org/data/files/download-documents/asia-pacific_regional_gtf_2017_report.pdf,ECA
2.2.2,Status and Trends,,,"This lesson focuses on current status and trends on the global energy gap including access to fundamental energy needs: electricity, clean cooking, heating and cooling. Each part examines the unique challenges aand progress withtin these critical areas",1,access to clean cooking,"Access to clean cooking refers to the availability and use of safe, efficient, and environmentally friendly cooking methods and fuels, which reduce health risks and environmental impact compared to traditional cooking practices.",Global Status Report 2023,,https://www.ren21.net/gsr-2023-launch-30-march/,REN 21
2.2.2,,,,,2,heating and cooling fuels and technologies,"Heating and cooling fuels and technologies refer to the various energy sources (like natural gas, electricity, and renewable options) and systems (such as furnaces, heat pumps, and air conditioners) used to regulate indoor temperatures for comfort and efficiency.",Renewable Energy Policy Network for the 21st Century (REN21) Renewables 2024 Global Status Report,,"https://www.ren21.net/gsr-2024/#:~:text=RENEWABLES%20GLOBAL%20STATUS%20REPORT%202024%20COLLECTION&text=In%20addition%20to%20providing%20a,%2C%20industry%2C%20transport%20and%20agriculture.",REN21
2.2.2,,,,,3,,,Renewables 2016 Global Status Report,,http://www.ren21.net/wp-content/uploads/2016/10/REN21_GSR2016_FullReport_en_11.pdf,Renewable Energy Policy Network for the 21st Century
2.2.3,Challenges for universal energy access,,,"This lesson explores the complex challenges obstructing equitable acccess to sustainable energy, highlighting issues in infrastructure and capacity, uneven distirbtuion of investments and the need for comprehensive measurement approaches.",1,energy affordability,Energy affordability refers to the ability of individuals or households to pay for the energy they need without compromising their basic living standards or financial stability.,Public Finance For Universal Energy Access,,https://www.irena.org/Publications/2024/May/Public-finance-for-universal-energy-access,IRENA
2.2.3,,,,,2,financial de-risking strategies,"Financial de-risking strategies are methods used by organizations to reduce financial risks associated with investments or projects, often by diversifying funding sources, securing insurance, or implementing risk management practices.",The Energy Transition: A Catalyst to Address the Global Triple Crisis,,https://www.seforall.org/publications/the-energy-transition-a-catalyst-to-address-the-global-triple-crisis,IRENA
2.2.3,,,,,3,,,Security of Clean Energy Transitions 2022,,https://www.iea.org/reports/security-of-clean-energy-transitions-2022,IEA
2.3.1,An Intersectional Approach ,Bridging the Energy Access Gap,,This lesson explores  how an intersectional approach can transform energy access by addressing the overlapping identities that shape people's experience and challenges. The lesson presents practical strategies to operationalize intersectionality in sustainable energy acces sprogramming.,1,inclusive and sustainable energy access,"Inclusive and sustainable energy access refers to the ability of all individuals and communities, regardless of their socio-economic status, to obtain reliable, affordable, and clean energy services that support their needs while promoting environmental sustainability.",Green Hydrogen: A People-Centred Approach to Sustainable Development in Namibia,,https://www.undp.org/namibia/stories/green-hydrogen-people-centred-approach-sustainable-development-namibia,UNDP
2.3.1,,,,,2,,,Independent Evaluation of Green Climate Fund's Energy Sector Portfolio and Approach,,https://ieu.greenclimate.fund/sites/default/files/document/070924-energy-sector-evaluation-final-report_0.pdf,Green Climate Fund
2.3.1,,,,,3,,,Beyond Borders: Power Grid Interconnections and Regional Electricity Markets for the Sustainable Energy Transition,,https://openknowledge.worldbank.org/entities/publication/4020f27e-341c-4883-a3ad-b603fc82cb48,World Bank
2.3.2,Technological Solutions,,,The lesson highlights the key technological solutions that can accelerate the path towards universal energy access while supporting the transition to clean energy.,1,e-cooking,"E-cooking refers to the use of electric appliances and devices for cooking food, which can include methods such as induction cooking, electric ovens, and microwaves, often emphasizing energy efficiency and sustainability.",Energy Technology Perspectives 2023,,https://www.iea.org/reports/energy-technology-perspectives-2023,IEA
2.3.2,,,,,2,mini-grids,"Mini-grids are small-scale power generation and distribution systems that can operate independently or in conjunction with the main electrical grid, providing electricity to local communities, often in remote or underserved areas.",Renewable Solutions in End Uses: Heat Pump Costs and Markets,,https://www.irena.org/Publications/2022/Nov/Renewable-solutions-in-end-uses-Heat-pump-costs-and-markets,IRENA
2.3.2,,,,,3,off-grid renewable energy systems,"Off-grid renewable energy systems are energy setups that generate power independently from the traditional electricity grid, using renewable sources like solar, wind, or hydro, to provide energy for homes or communities.",The Energy Transition in 2025: What to Watch For,,https://rmi.org/the-energy-transition-in-2025-what-to-watch-for/,Rocky Mountain Institute
2.3.3,Financing Mechanisms,,,This lesson explains how financing mechanisms can incentivize energy access and inclusive energy services with a focus on underserved and vulnerable communities.,1,microfinancing,"Microfinancing is a financial service that provides small loans and financial support to individuals or small businesses, typically in developing countries, to help them start or expand their operations.",Making the Clean Energy Transition Affordable,,https://rmi.org/insight/making-the-clean-energy-transition-affordable/,RMI
2.3.3,,,,,2,pay as you go models,"Pay as you go models are payment systems where customers pay for services or products in advance or as they use them, rather than committing to long-term contracts or upfront costs.",Accerlating the Energy Transition in Emerging Markets â Strategies for Unlocking Investment,,https://www.irena.org/Publications/2023/May/The-cost-of-financing-for-renewable-power,IRENA
2.3.3,,,,,3,result-based financing models,"Result-based financing models are financial mechanisms that provide funding based on the achievement of specific outcomes or results, rather than on the inputs or processes used to achieve them.",Mainstreaming Financial Aggregation for Distributed Renewable Energy,,https://www.undp.org/publications/mainstreaming-financial-aggregation-distributed-renewable-energy,UNDP
2.3.4,Policy Frameworks,,,"This lesson explores three policy instruments: subsidies, tax incentives and regulatory reforms, and how they contribute to the promotion of sustainable energy solutions.",1,energy subsidies,"Financial support from the government to promote energy production or consumption, often aimed at reducing costs for consumers or encouraging the use of renewable energy sources.",Policy frameworks for pumped storage hydropower development,,https://www.hydropower.org/publications/pumped-storage-policy-framework,International Hydropower Association
2.3.4,,,,,2,fossil fuel subsidies,"Fossil fuel subsidies are financial support and incentives provided by governments to the fossil fuel industry, which can include tax breaks, grants, and price controls, aimed at reducing the cost of fossil fuels like coal, oil, and natural gas.",Fostering Effective Energy Transition 2023,,https://www3.weforum.org/docs/WEF_Fostering_Effective_Energy_Transition_2023.pdf,WEF
2.3.4,,,,,3,,,Renewable Energy Targets in 2022,,https://www.irena.org/Publications/2022/Nov/Renewable-energy-targets-in-2022,IRENA
2.3.5,Collaborative Multi-Stakeholder Partnerships,,,"This lesson explores the importance of multi-stakeholder partnerships and the role of international organizations, NGOs, development agencies, the private sector and local communities in advancing energy access objectives, as well as the associated challenges and conflicts.",1,community empowerment,"Community empowerment is the process of enabling individuals and groups within a community to gain control over their lives, make decisions, and take action to improve their social, economic, and environmental conditions.",Derisking Renewable Energy Investment,,https://www.iea.org/reports/skills-development-and-inclusivity-for-clean-energy-transitions,IRENA
2.3.5,,,,,2,multi-stakeholder partnership,"A multi-stakeholder partnership is a collaborative arrangement involving various parties, such as governments, businesses, non-profits, and communities, working together to achieve common goals, often related to sustainable development or social impact.",Delivering Sustainable Energy in a Changing Climate,,https://www.un-energy.org/wp-content/uploads/2017/01/UNDP-Energy-Strategy-2017-2021.pdf,UNDP
2.3.5,,,,,3,"participatory diagnosis, design, monitoring, and evaluation","A collaborative approach that involves stakeholders in the processes of diagnosing issues, designing solutions, monitoring progress, and evaluating outcomes to ensure that their perspectives and needs are integrated.",Vast Federal Lands Have Potential for Renewable Energy - But Only a Small Fraction Is Needed,,https://www.nrel.gov/news/program/2025/vast-federal-lands-have-potential-for-renewable-energy-but-only-a-small-fraction-is-needed.html,National Renewable Energy Laboratory
3.1.1,The Energy Transition In Context,Introduction to the Energy Transition Landscape,Just Energy Transition,"This lesson will explore how a just transition is about more than just technical solutions or policy frameworks; it is about addressing deep-rooted socio-economic disparities, fostering participatory governance, and empowering all stakeholders to engage in the transition process.",1,energy transition,"The energy transition refers to the global shift from fossil fuel-based energy systems to renewable and sustainable energy sources, aimed at reducing greenhouse gas emissions and combating climate change.",Securing the Energy Transition,,https://www.weforum.org/whitepapers/securing-the-energy-transition/,RMI
3.1.1,,,,,2,net zero,"Net zero refers to the balance between the amount of greenhouse gas emissions produced and the amount removed from the atmosphere, resulting in no net increase in emissions.","Critical Transitions: Circularity, equity, and responsibility in the quest for energy transition minerals",,https://wedocs.unep.org/handle/20.500.11822/46623,UNEP
3.1.1,,,,,3,carbon neutrality,Carbon neutrality is the state of achieving net-zero carbon emissions by balancing the amount of carbon released with an equivalent amount of carbon offset or removed from the atmosphere.,AFD and the Just Energy Transition,,https://www.afd.fr/en/ressources/afd-and-just-energy-transition,French Development Agency
3.1.2,Unpacking The Concept Of A Just Energy Transition,,,"This lesson outlines the just energy transition, focusing on fairness, equity, and inclusivity in sustainable energy shifts. Originating from labor rights, it addresses historical inequities through environmental, climate, and energy justice. It highlights localized solutions and global frameworks like the AJET principles to balance urgent climate action with social and economic justice.",1,,,Finding Common Ground for a Just Energy Transition: Labour and Employer Perspective,,https://www.irena.org/Publications/2023/Aug/Finding-common-ground-for-a-just-energy-transition-Labour-and-employer-perspectives,IRENA
3.1.2,,,,,2,,,Sector Coupling: A Key Concept for Accelerating the Energy Transformation,,https://www.irena.org/Publications/2022/Dec/Sector-coupling-A-key-concept-for-accelerating-the-energy-transformation,IRENA
3.1.2,,,,,3,,,Gender equality in the sustainable energy transition,,https://www.unwomen.org/en/digital-library/publications/2023/05/gender-equality-in-the-sustainable-energy-transition,UN Women
3.1.3,Key Challenges In The Global South,,,"This lesson delves into the specific challenges and opportunities that developing countries face in the context of the just energy transition. By examining these dynamics, we aim to shed light on strategies and initiatives that can facilitate a transition towards a more sustainable and equitable energy future for all.",1,energy equity,"Energy equity refers to the fair distribution of energy resources and services, ensuring that all individuals and communities have access to affordable, reliable, and clean energy, regardless of their socioeconomic status.",The Growing Debt Burdens of Global South Countries: Standing in the Way of Climate and Development Goals,,https://www.cepr.net/report/the-growing-debt-burdens-of-global-south-countries-standing-in-the-way-of-climate-and-development-goals/,CEPR
3.1.3,,,,,2,localized solutions,"Localized solutions refer to strategies or approaches that are specifically designed to address environmental, social, or economic challenges within a particular community or region, taking into account its unique characteristics and needs.",The Sustainable Development Goals Report 2023: Special Edition,,https://unstats.un.org/sdgs/report/2023/,UN
3.1.3,,,,,3,,,Dutch Green Hydrogen proposition for South Africa,,https://www.rvo.nl/sites/default/files/2023-08/Dutch-GH2-proposition-for-South-Africa.pdf,Netherlands Enterprise Agency
3.2.1,Human rights and socio-economic impacts,Ensuring a Just Transition for Workers and Affected Communities,,"This lesson addresses human rights and socio-economic challenges in renewable energy transitions, including land displacement, labor rights abuses in mineral extraction, and inequitable benefits. It emphasizes inclusive policies, the Escazú Agreement for environmental democracy, and participatory processes like FPIC to protect indigenous rights and ensure equity.",1,"free, prior, and informed consent (fpic)","Free, prior, and informed consent (FPIC) is a principle that ensures that indigenous peoples and local communities have the right to give or withhold their consent for projects affecting their land, resources, and rights, based on full information and without coercion.",Security of Clean Energy Transitions 2022,,https://www.irena.org/Publications/2022/Apr/Grid-codes-for-renewable-powered-systems,IRENA
3.2.1,,,,,2,inclusive policy frameworks,"Inclusive policy frameworks are guidelines and strategies designed to ensure that all individuals, regardless of their background or circumstances, have equal access to opportunities, resources, and decision-making processes in various sectors, including social, economic, and environmental areas.",Renewable Energy and Sustainability Report,,https://www.ren21.net/renewable-energy-and-sustainability-report-2024/,Renewable Energy Policy Network for the 21st Century
3.2.1,,,,,3,,,UN SDSN Global Climate Hub: Modelling Net Zero Pathways,,https://www.undp.org/sites/g/files/zskgke326/files/publications/Financing_the_2030_Agenda_CO_Guidebook.pdf,UNDP
3.2.2,Worker Retraining and Employment Disparities,,,"This lesson focuses on worker retraining and skills development for renewable energy transitions, emphasizing policies to address job displacement, regional disparities, and gender gaps. ",1,gender gap in energy employment,"The gender gap in energy employment refers to the disparity between the number of men and women working in the energy sector, often characterized by fewer women in technical, leadership, and decision-making roles compared to their male counterparts.","Decarbonization, Energy Policy, Net-Zero Pathways",,https://un-energy.org/wp-content/uploads/2017/01/1608Electricity-and-Education.pdf,Mckinsey
3.2.2,,,,,2,just transition workforce programs,"Just transition workforce programs are initiatives designed to support workers and communities in transitioning to sustainable jobs and industries, ensuring that the shift to a greener economy is fair and equitable, providing training, resources, and support for those affected by changes in the job market.",Energy Modelling in the EU and China,,https://www.iea.org/reports/electricity-market-report-2023,IRENA
3.2.2,,,,,3,skills development ecosystems,"Skills development ecosystems refer to interconnected networks of organizations, institutions, and resources that collaboratively support the continuous learning and enhancement of skills among individuals, often tailored to meet the needs of the labor market and promote economic growth.",Skills Development and Inclusivity for Clean Energy Transitions,,https://www.iea.org/reports/skills-development-and-inclusivity-for-clean-energy-transitions,IEA
3.2.3,Social Safety Nets and Income Support,,,"This lesson focuses on social safety nets and income support in energy transitions, emphasizing measures like Energy Safety Nets (ESNs) to prevent energy poverty and ensure affordability for vulnerable groups. It highlights targeted subsidies to reduce inequalities, gender-sensitive policies for inclusive access, and the role of these programs in poverty reduction and social stability during shifts to sustainable energy.",1,energy safety nets (esns),"Energy safety nets (ESNs) are programs or policies designed to protect vulnerable populations from energy poverty and ensure access to affordable energy services, often through subsidies, financial assistance, or targeted support.",Solar PV: A Gender Perspective,,https://www.iea.org/reports/tracking-clean-energy-innovation-in-the-business-sector-an-overview,IRENA
3.2.3,,,,,2,gender-sensitive  measures,"Gender-sensitive measures are policies or actions that take into account the different needs, roles, and experiences of individuals based on their gender, aiming to promote equality and address disparities.",Generating Meaningful Energy Systems Models for Africa,,https://www.un-energy.org/wp-content/uploads/2017/01/UNDP-Energy-Strategy-2017-2021.pdf,Carbon Trust
3.2.3,,,,,3,targeted energy subsidies,"Targeted energy subsidies are financial support measures provided by governments to specific sectors, groups, or technologies to promote energy efficiency, renewable energy, or reduce energy costs for vulnerable populations.",Scaling Up Investments in Ocean Energy Technologies,,https://unctad.org/publication/trade-and-development-report-update-april-2024,IRENA
3.3.1,Critical Minerals and Materials,A JET that Preserves Nature and Catalyzes Economic Growth,,"This lesson addresses critical minerals essential for renewable energy technologies, highlighting challenges like rising demand, geographic concentration, and environmental/social impacts. It emphasizes the need for responsible extraction practices to bridge gaps between policies and on-ground outcomes. While offering economic opportunities for resource-rich nations, it underscores risks of resource mismanagement and calls for international cooperation to ensure equitable governance, sustainable development, and a just energy transition.",1,critical minerals,"Critical minerals are natural resources that are essential for the production of high-tech devices, renewable energy technologies, and other advanced applications, and are at risk of supply disruption.",Geopolitics of the Energy Transition: Critical Materials,,https://www.irena.org/Publications/2023/Jul/Geopolitics-of-the-Energy-Transition-Critical-Materials,IRENA
3.3.1,,,,,2,responsible extraction practices,"Responsible extraction practices refer to methods of obtaining natural resources that prioritize environmental sustainability, social equity, and economic viability, ensuring minimal harm to ecosystems and communities.",Critical Minerals Policy Tracker,,https://www.iea.org/reports/critical-minerals-policy-tracker,IEA
3.3.1,,,,,3,sustainable supply chains,"Sustainable supply chains refer to the management of the flow of goods and services in a way that minimizes environmental impact, promotes social responsibility, and ensures economic viability throughout the entire lifecycle of a product.",Critical Materials for the Energy Transition: Rare Earth Elements,,https://www.irena.org/Technical-Papers/Critical-Materials-For-The-Energy-Transition-Rare-Earth-elements,IRENA
3.3.2,Environmental Concerns of Clean Energy Technology Deployment,,,"This lesson examines environmental concerns of renewable energy technologies like wind, solar, and hydropower, highlighting challenges such as land use, habitat disruption, water consumption, and hazardous materials. While lifecycle assessments show renewables have significantly lower GHG emissions than fossil fuels, the lesson stresses the need for mitigation strategies (e.g., turbine placement, solar panel recycling, habitat protection) to minimize ecological impacts and ensure sustainable deployment.",1,habitat fragmentation mitigation,"Habitat fragmentation mitigation refers to strategies and actions taken to reduce the negative impacts of habitat fragmentation, which occurs when large habitats are divided into smaller, isolated patches, often due to human activities. This can include creating wildlife corridors, restoring habitats, and implementing land-use planning to maintain connectivity between habitats.",Energy Technology Perspectives 2024,,https://www.iea.org/events/energy-technology-perspectives-2024,IEA
3.3.2,,,,,2,lifecycle assessment (lca),"Lifecycle assessment (LCA) is a systematic process for evaluating the environmental impacts of a product or service throughout its entire life cycle, from raw material extraction to production, use, and disposal.",Tracking Clean Energy Progress 2023,,https://www.iea.org/reports/tracking-clean-energy-progress-2023,IEA
3.3.2,,,,,3,renewable technology recycling,"Renewable technology recycling refers to the process of recovering and reprocessing materials from renewable energy technologies, such as solar panels and wind turbines, to reduce waste and promote sustainability.",Accelerating Hydrogen Deployment in the G7,,https://www.irena.org/Publications/2022/Nov/Accelerating-hydrogen-deployment-in-the-G7,IRENA
3.3.3,Advancing the Value Chain,,,"This lesson examines advancing the value chain in critical minerals and battery production, emphasizing opportunities for developing nations to shift from raw material exports to high-value processing. It highlights regional collaboration, vertical integration, and sustainable practices (e.g., recycling) to address socio-environmental impacts. Strategic governance and public-private partnerships are underscored as key drivers for economic resilience and equitable growth in the global energy transition.",1,circular economy models,"Circular economy models are economic systems aimed at minimizing waste and making the most of resources by reusing, recycling, and regenerating materials, thereby creating a closed-loop system that reduces environmental impact.",The Value of Urgent Action on Energy Efficiency,,https://www.iea.org/reports/the-value-of-urgent-action-on-energy-efficiency,IEA
3.3.3,,,,,2,high-value processing localization,"High-value processing localization refers to the practice of conducting advanced processing and manufacturing activities closer to the source of raw materials or resources, enhancing efficiency, reducing transportation costs, and increasing the economic benefits for local communities.",Securing Clean Energy Technology Supply Chains,,https://www.iea.org/reports/securing-clean-energy-technology-supply-chains,IEA
3.3.3,,,,,3,value chain,"A value chain is a series of steps or activities that a company takes to deliver a product or service, from initial conception to final delivery, adding value at each stage.",Accelerating the Decarbonization of Buildings: The Net Zero Carbon Cities Building Value Framework,,https://www.weforum.org/reports/accelerating-the-decarbonization-of-buildings-the-net-zero-carbon-cities-building-value-framework,RMI
3.4.1,Governance Strategies for a Just Energy Transition,Strategic Governance and Partnership Models for Just Energy Transitions,,"
This lesson explores key energy governance strategies employed by UNDP, introduces the concept of energy democracy, and highlights practical examples.",1,energy policy frameworks,"Energy policy frameworks are structured guidelines and regulations established by governments or organizations to manage energy production, distribution, and consumption, aiming to promote sustainability, security, and economic efficiency.",Delivering Energy Services for Poverty Reduction: Success Stories,,"https://www.unwomen.org/en/digital-library/publications/2023/05/gender-equality-in-the-sustainable-energy-transition#:~:text=Publication%20year%3A%202023&text=UN%20Women%20and%20UNIDO%20have,research%20findings%20and%20case%20studies.",Elsevier
3.4.1,,,,,2,multi-level governance,"Multi-level governance refers to the system of decision-making that involves multiple layers of government and stakeholders, from local to global levels, working together to address complex issues such as environmental policy, economic development, and social welfare.",Implementing Clean Energy Transitions,,https://www.iea.org/reports/implementing-clean-energy-transitions,IEA
3.4.1,,,,,3,participatory decision-making,"A collaborative process where stakeholders are actively involved in making decisions that affect them, ensuring diverse perspectives are considered.",Energy Planning and Modelling Support in Africa,,https://www.irena.org/Energy-Transition/Planning/Long-term-energy-planning-support/Capacity-building-for-energy-planning-and-modelling,IRENA
3.4.2,Importance of Proactive Planning and Strategic Foresight,,,This lesson underscores the importance of proactive planning and strategic foresight in navigating the energy transition amid global crises like cost-of-living pressures and geopolitical instability. It highlights the need for collaborative governance and equitable infrastructure transformation to address historical inequities and build resilient systems,1,collaborative governance,"Collaborative governance is a process where multiple stakeholders, including government, businesses, and community members, work together to make decisions and solve problems in a cooperative manner.",A Global Foresight Report on Planetary Health and Human Wellbeing,,https://www.unep.org/resources/global-foresight-report,UNEP
3.4.2,,,,,2,strategic foresight,"Strategic foresight is the practice of anticipating and preparing for future trends, challenges, and opportunities to inform decision-making and strategic planning.",Reimagining Resource Planning,,https://rmi.org/insight/reimagining-resource-planning/,UN Women
3.4.2,,,,,3,,,How Energy Modeling Works. The Uses and Limitations of Energy. Modeling for Decarbonization Planning,,https://www.cesa.org/wp-content/uploads/How-Energy-Modeling-Works.pdf,Clean Energy States Alliance
3.4.3,Just Energy Transition Partnerships (JET-P),,,"This lesson explores Just Energy Transition Partnerships (JET-Ps) as innovative financing mechanisms to support developing nations in shifting from fossil fuels to clean energy. It emphasizes blending public and private capital to phase out coal, upgrade grids, and retrain workers. Challenges include ensuring equity, avoiding debt traps, and integrating grassroots priorities into national strategies. Effective governance and inclusive frameworks are stressed to balance economic shifts with social justice and accountability.",1,blended finance mechanisms,"Blended finance mechanisms are financial strategies that combine public and private funds to support projects, particularly in developing countries, aiming to leverage additional investment for sustainable development.",Experimental Indicators of the Clean Energy Transition,,https://www.iea.org/reports/experimental-indicators-of-the-clean-energy-transition,IEA
3.4.3,,,,,2,grassroots-to-national alignment,"Grassroots-to-national alignment refers to the process of ensuring that local community initiatives and movements are connected and coordinated with broader national policies and strategies, promoting coherence and mutual support between local actions and national goals.",Gender Equality in the Sustainable Energy Transition,,"https://www.unwomen.org/en/digital-library/publications/2023/05/gender-equality-in-the-sustainable-energy-transition#:~:text=Publication%20year%3A%202023&text=UN%20Women%20and%20UNIDO%20have,research%20findings%20and%20case%20studies.",Sustainable Energy for All
3.4.3,,,,,3,just energy transition partnerships (jet-ps),"Just Energy Transition Partnerships (JET-Ps) are collaborative initiatives aimed at ensuring that the shift from fossil fuels to renewable energy sources is equitable and inclusive, addressing the social, economic, and environmental impacts on communities and workers affected by this transition.",Renewable Energy Capacity Statistics 2024,,https://www.esmap.org/Maximizing_Socioeconomic_Benefits_Triggered_by_Renewables?title=&year=all&created=&created_1=&programs%5B1664%5D=1664&programs%5B1656%5D=1656&programs%5B15%5D=15&programs%5B1240%5D=1240&programs%5B1652%5D=1652&sort_by=field_published_on_value&sort_order=DESC,IRENA
4.1.1,Fundamentals of Sustainable Energy Financing,Introduction to Sustainable Energy Finance and Market Dynamics,Sustainable Energy Finance,"This lesson introduces sustainable finance, exploring its role in integrating environmental, social, and governance (ESG) factors into financial decision-making to align capital flows with sustainable development goals, promote long-term value creation, and address global challenges such as climate change and social inequality.",1,actor of sustainable energy finance,"An actor of sustainable energy finance refers to individuals, organizations, or institutions that engage in funding, investing, or facilitating financial resources specifically aimed at promoting sustainable energy projects and technologies.",Power Sector Implementation of a Country Coal-to-Clean Transition,,http://www.unece.org/index.php?id=41058,IEA
4.1.1,,,,,2,esg,"ESG stands for Environmental, Social, and Governance; it refers to the three central factors used to measure the sustainability and societal impact of an investment in a company or business.",Global Trends in Renewable Energy Investment 2016,,http://fs-unep-centre.org/sites/default/files/publications/globaltrendsinrenewableenergyinvestment2016lowres_0.pdf,UNFCCC
4.1.1,,,,,3,sustainable energy finance√™,"Sustainable energy finance refers to the funding and investment strategies aimed at supporting projects and technologies that promote renewable energy, energy efficiency, and overall sustainability in the energy sector.",The Cost of Financing for Renewable Power,,https://www.irena.org/Publications/2023/May/The-cost-of-financing-for-renewable-power,IRENA
4.1.2,The Global Energy Investment Landscape of Energy Investments,Introduction to Sustainable Energy Finance and Market Dynamics,Sustainable Energy Finance,"This lesson introduces the global energy investment landscape, examining the disparities in investment flows between developed and developing countries, the challenges of financing clean energy transitions, and the urgent need for increased capital to bridge the investment gap and align with global climate targets.",1,disparities in energy investments,"Disparities in energy investments refer to the unequal distribution of financial resources and funding across different regions, communities, or sectors for energy projects, leading to imbalances in access to energy services and infrastructure.",World Energy Investment 2024,,https://www.iea.org/reports/world-energy-investment-2024,IEA
4.1.2,,,,,2,energy transition triple penalty for developing countries,"The energy transition triple penalty for developing countries refers to the challenges these nations face in shifting to sustainable energy sources, which include higher costs for renewable technologies, the need for significant infrastructure investment, and the potential loss of economic stability due to reliance on fossil fuels during the transition.",Renewables 2023 Global Status Report,,https://www.unep.org/resources/report/renewables-2023-global-status-report-collection-energy-demand,UNEP
4.1.2,,,,,3,new collective quantified goal (ncqg),"A New Collective Quantified Goal (NCQG) is a specific, measurable target set by a group of countries or organizations to collectively address global challenges, such as climate change, by tracking progress and ensuring accountability.",Derisking Renewable Energy Investment,,https://www.undp.org/sites/g/files/zskgke326/files/publications/Derisking%20Renewable%20Energy%20Investment%20-%20Key%20Concepts%20Note%20(Mar%202014Versi%20%20%20.pdf,UNDP
4.1.3,An Overview of Sustainable Energy Market Dynamics,Introduction to Sustainable Energy Finance and Market Dynamics,Sustainable Energy Finance,"This lesson explores the mechanisms driving sustainable energy market dynamics, highlighting the shift from fossil fuels to renewables, investment trends, technological advancements, policy frameworks, and the geopolitical and socioeconomic impacts shaping the future of global energy markets.",1,energy markets,"Energy markets are platforms where energy commodities, such as electricity, natural gas, and renewable energy credits, are bought and sold, allowing for price discovery and trade among producers, consumers, and traders.",World Investment Report 2023: Investing in Sustainable Energy for All,,https://investmentpolicy.unctad.org/publications/1283/world-investment-report-2023-investing-in-sustainable-energy-for-all,UNCTAD
4.1.3,,,,,2,energy security,"Energy security refers to the reliable availability of energy resources at an affordable price, ensuring that a country can meet its energy needs without excessive reliance on external sources.",Tracking Clean Energy Innovation in the Business Sector: An Overview,,https://www.iea.org/reports/tracking-clean-energy-innovation-in-the-business-sector-an-overview,IEA
4.1.3,,,,,3,market regulation,"Market regulation refers to the rules and laws established by governments or regulatory bodies to control and oversee economic activities in markets, ensuring fair competition, consumer protection, and preventing monopolies.",Trade and Development Report Update 2024,,https://unctad.org/publication/trade-and-development-report-update-april-2024,UNCTAD
4.1.4,Investable and Financeable Transformative Projects,Introduction to Sustainable Energy Finance and Market Dynamics,Sustainable Energy Finance,"This lesson explores Investable and Financeable Transformative Projectsand highlights the financial, regulatory, and technical criteria required to attract private and public capital while overcoming challenges such as high capital costs, unclear regulatory frameworks, and inadequate infrastructure in emerging and developing economies.",1,,,,,,
4.1.4,,,,,2,,,,,,
4.1.4,,,,,3,,,,,,
4.2.1,Role of Public Sector in Sustainable Energy Finance,Public Sector and Sustainable Energy Finance,Sustainable Energy Finance,"This lesson explores the crucial role of public sector investment in driving the renewable energy transition by providing financial support, mitigating risks, and fostering an enabling regulatory environment.",1,fiscal policies,Fiscal policies are government strategies regarding taxation and spending to influence a country's economy.,Key Enablers to Triple Renewables by 2030: Finance,,https://www.irena.org/News/articles/2024/Aug/Key-Enablers-to-Triple-Renewables-by-2030-Finance,IRENA
4.2.1,,,,,2,public investment management (pim),"Public Investment Management (PIM) refers to the processes and practices used by governments to plan, execute, and oversee investments in public projects and services, ensuring efficient use of resources and maximizing social and economic benefits.",Catalysing Climate Finance,,https://www.un-redd.org/sites/default/files/2021-10/UNDP-Catalysing-Climate%20Finance%20-%20May%202011.pdf,UNDP
4.2.1,,,,,3,regulatory support and policy frameworks,"Regulatory support and policy frameworks are structured guidelines and rules established by governments or organizations to promote, manage, and enforce practices related to energy use, sustainability, and environmental protection.",Tracking Public Investment in Energy Technology Research: A Roadmap,,https://www.iea.org/reports/tracking-public-investment-in-energy-technology-research-a-roadmap,IEA
4.2.2,Financial Health Policies and Regulation,Public Sector and Sustainable Energy Finance,Sustainable Energy Finance,"This lesson explores the importance of identifying, assessing, and mitigating financial risks in the energy sector through tools like stress testing and fiscal risk analysis. ",1,fiscal risk analysis,"Fiscal risk analysis is the assessment of potential financial uncertainties and vulnerabilities that could impact a government's budget and economic stability, including factors like revenue fluctuations, expenditure pressures, and external economic shocks.",Towards a Circular Steel Industry,,https://www.irena.org/Technical-Papers/Potential-Limitations-of-Marginal-Pricing-for-a-Power-System-Based-on-Renewables,IRENA
4.2.2,,,,,2,stress testing,"Stress testing is a simulation technique used to evaluate how a system, such as a financial institution or software application, performs under extreme conditions or adverse scenarios.",Fostering Effective Energy Transition 2024,,https://www.weforum.org/publications/fostering-effective-energy-transition-2024/in-full/3-sub-index-and-dimension-trends/,World Economic Forum
4.2.2,,,,,3,,,UN SDSN Global Climate Hub: Modelling Net Zero Pathways,,https://www.iea.org/reports/financing-clean-energy-in-africa,National Renewable Energy Laboratory
4.2.3,The Energy Subsidy Reform,Public Sector and Sustainable Energy Finance,Sustainable Energy Finance,"This lesson explores the economic, environmental, and fiscal implications of fossil fuel subsidies, emphasizing their role in distorting energy markets, straining public finances, and delaying sustainable energy transitions. ",1,energy/fossil fuel  subsidies,"Financial support from governments to the fossil fuel industry, which can include direct payments, tax breaks, or price controls, aimed at reducing the cost of fossil fuels for consumers and producers.",Asia energy profile : energy sector performance (English),,https://documents.worldbank.org/en/publication/documents-reports/documentdetail/465061468324852926/asia-energy-profile-energy-sector-performance,World Bank
4.2.3,,,,,2,market distortions,"Market distortions refer to any factors that prevent the free market from functioning efficiently, often due to government intervention, monopolies, or externalities, leading to misallocation of resources and affecting prices.",UNDP Energy Strategy 2017-2021,,https://un-energy.org/wp-content/uploads/2017/01/UNDP-Energy-Strategy-2017-2021.pdf,ESCAP
4.2.3,,,,,3,re incentives,Re incentives are financial or non-financial rewards designed to encourage individuals or organizations to adopt renewable energy practices or technologies.,World Energy Outlook 2020,,https://www.iea.org/reports/world-energy-outlook-2020,IEA
4.3.1,Private Sector Investment in Sustainable Energy,Scaling Up Private Sector Investment in Sustainable Energy,Sustainable Energy Finance,"This lesson explores the critical role of private sector investment in driving the transition to sustainable energy, emphasizing the need for significant capital mobilization beyond public finance to meet global clean energy targets. ",1,blended finance,"Blended finance is a financial approach that combines public or philanthropic funds with private investment to support projects that have social or environmental benefits, aiming to attract more capital to achieve sustainable development goals.",Scaling Up Private Finance for Clean Energy in Emerging and Developing Economies,,https://www.iea.org/reports/scaling-up-private-finance-for-clean-energy-in-emerging-and-developing-economies,IEA
4.3.1,,,,,2,cost of capital,The cost of capital is the return rate that a company must earn on its investments to satisfy its investors or creditors.,Accerlating the Energy Transition in Emerging Markets â Strategies for Unlocking Investment,,https://www.cif.org/resource-collections/program-and-sector-specific-studies/accelerating-energy-transition-emerging,Climate Investment Funds
4.3.1,,,,,3,public-private partnerships√™,"Public-private partnerships (PPPs) are collaborative agreements between government entities and private sector companies to finance, build, and operate projects or services that benefit the public, such as infrastructure, healthcare, or education.",World Energy Investment 2023,,https://www.iea.org/reports/world-energy-investment-2023,IEA
4.3.2,Risk Mitigation Strategies,Scaling Up Private Sector Investment in Sustainable Energy,Sustainable Energy Finance,"This lesson introduces the concept of de-risking renewable energy investments, particularly in developing countries, through policy and financial de- risking",1,credit guarantee√™,"A credit guarantee is a promise made by a third party to cover a borrower's debt if they default, helping to reduce the risk for lenders and facilitate access to loans.",Unlocking Renewable Energy Investment: The role of risk mitigation and structured finance,,https://www.irena.org/Publications/2016/Jun/Unlocking-Renewable-Energy-Investment-The-role-of-risk-mitigation-and-structured-finance,IRENA
4.3.2,,,,,2,policy de-risking strategies,"Policy de-risking strategies are approaches or measures implemented by governments or organizations to reduce the financial, regulatory, or operational risks associated with investments in sustainable energy or other sectors, thereby encouraging more investment and innovation.",Climate Infrastructure Investing: Risks and Opportunities for Unlisted Renewables,,https://www.iea.org/reports/climate-infrastructure-investing-risks-and-opportunities-for-unlisted-renewables,IEA
4.3.2,,,,,3,securitization,"Securitization is the process of converting an illiquid asset or group of assets into a security, which can be sold to investors. This typically involves pooling various financial assets, such as loans or mortgages, and creating tradable securities backed by those assets.",Utilising the Broad Application of Green Hydrogen,,https://www.undp.org/vietnam/blog/utilising-broad-application-green-hydrogen,UNDP
4.3.3,Blended Finance,Scaling Up Private Sector Investment in Sustainable Energy,Sustainable Energy Finance,"This chapter explores blended finance as a strategy for mobilizing private sector investment in renewable energy projects, especially in developing countries. It highlights how blended finance combines concessional funding with private capital to de-risk high-impact clean energy projects. ",1,concessional finance,"Concessional finance refers to loans or financial assistance provided on terms significantly more generous than market rates, often including lower interest rates or extended repayment periods, aimed at supporting development projects in low-income countries.",Blended Finance and the Gender-Energy Nexus: A Stocktaking Report,,https://www.wocan.org/wp-content/uploads/2024/07/CC-Facility_Learning-Hub_Stocktaking-Report.pdf,International Network on Gender and Sustainable Energy
4.3.3,,,,,2,subordinated debt√™,"Subordinated debt is a type of loan or bond that ranks below other debts in terms of claims on assets or earnings in the event of liquidation or bankruptcy, meaning it is repaid after senior debts.",Linking Global Finance to Small-Scale Clean Energy,,https://www.undp.org/publications/linking-global-finance-small-scale-clean-energy,UNDP
4.3.3,,,,,3,syndicated lending,"Syndicated lending is a loan provided by a group of lenders, typically banks, who work together to fund a single borrower, sharing the risk and resources involved.",What is Climate Finance and Why Do We Need More of It?,,https://climatepromise.undp.org/news-and-stories/what-climate-finance-and-why-do-we-need-more-it,UNDP
4.4.1,Thematic Bonds (Public and Corporate),Innovative Financial Instruments and Tools for Renewable Energy,Sustainable Energy Finance,"This chapter explores various thematic bonds, including green, social, sustainability, and transition bonds, as innovative financial instruments designed to support sustainable development projects, with a focus on reducing environmental impact and fostering global climate goals.",1,credit ratings & borrowing costs,"Credit ratings are assessments of the creditworthiness of a borrower, indicating the likelihood of default on debt obligations. Borrowing costs refer to the interest rates and fees that borrowers must pay to obtain loans, which are influenced by their credit ratings.",The Net Zero Industry Tracker,,https://www.weforum.org/reports/the-net-zero-industry-tracker,WEF
4.4.1,,,,,2,debt sustainability,"Debt sustainability refers to the ability of a borrower, typically a government or organization, to manage and repay its debt without requiring external assistance or defaulting, ensuring that debt levels remain stable relative to income or economic growth.",Advancing Decarbonisation Through Clean Electricity Procurement,,https://www.iea.org/reports/advancing-decarbonisation-through-clean-electricity-procurement,IEA
4.4.1,,,,,3,thematic bond,"A thematic bond is a type of bond issued to finance projects that have a specific social or environmental theme, such as renewable energy, education, or healthcare.",Climate Critical: The Energy Efficiency Imperative,,https://www.theclimategroup.org/sites/default/files/2023-03/Climate%20Group%20-%20EP100%20-%20Progress%20and%20Insights%20Report%20FINAL%2022.pdf,The Climate Group
4.4.2,"Debt Swaps (Debt for Energy, D4E)",Innovative Financial Instruments and Tools for Renewable Energy,Sustainable Energy Finance,"This lesson explores the Debt-for-Energy (D4E) swaps, a financial mechanism that reduces national debt while investing in renewable energy projects to support the energy transition and economic sustainability in developing countries.",1,debt restructuring√™,"Debt restructuring is the process of reorganizing the terms of an existing debt agreement, often to reduce the burden on the borrower, which may include changing interest rates, extending payment deadlines, or reducing the total amount owed.",Debt-for-Climate Swaps,,"What are the key topics? What are the tags? Energy, Health, Gender, Economy, Environment, Government, Finance, Technology?",Institute for Governance & Sustainable Development
4.4.2,,,,,2,debt-for- nature swap,A debt-for-nature swap is a financial arrangement in which a portion of a country's foreign debt is forgiven in exchange for commitments to invest in environmental conservation projects.,A new wave of debt swaps for climate or nature,,https://www.undp.org/future-development/signals-spotlight-2023/new-wave-debt-swaps-climate-or-nature,UNDP
4.4.2,,,,,3,,,The Energy Transition: A Catalyst to Address the Global Triple Crisis,,https://www.imf.org/en/Blogs/Articles/2023/11/06/how-green-innovation-can-stimulate-economies-and-curb-emissions,IEA
4.4.3,Carbon Financing,Innovative Financial Instruments and Tools for Renewable Energy,Sustainable Energy Finance,"This lesson explores how carbon pricing mechanisms, such as carbon taxes and emissions trading systems, drive low-carbon transitions by providing economic incentives to reduce emissions, while highlighting challenges like greenwashing and the need for robust verification systems.",1,carbon pricing,"Carbon pricing is a method for reducing global warming emissions by assigning a cost to carbon dioxide emissions, encouraging businesses and individuals to lower their carbon footprint.","Carbon Capture, Utilization, and Storage (CCUS)",,https://www.iea.org/reports/ccus,IEA
4.4.3,,,,,2,paris agreement article 6,"Article 6 of the Paris Agreement outlines mechanisms for countries to cooperate in achieving their climate goals, including market-based approaches for reducing greenhouse gas emissions and promoting sustainable development.","Energy, Electricity and Nuclear Power Estimates for the Period up to 2050",,https://www-pub.iaea.org/MTCD/Publications/PDF/Pub1754web-26894285.pdf,Sustainable Energy for All
4.4.3,,,,,3,voluntary carbon offsets,"Voluntary carbon offsets are credits that individuals or companies purchase to compensate for their own greenhouse gas emissions, by funding projects that reduce or remove carbon dioxide from the atmosphere, such as reforestation or renewable energy initiatives.",Carbon Payments for Development,,https://www.undp.org/energy/our-flagship-initiatives/carbon-payments-development,UNDP
4.4.4,Emerging Technologies: AI-Powered and Digital Financing Solutions,Innovative Financial Instruments and Tools for Renewable Energy,Sustainable Energy Finance,"This lesson explores how integrating blockchain technology and digital financing platforms can transform sustainable energy finance by enhancing transparency, reducing transaction costs, expanding access to finance, and supporting energy trading",1,blockchain technologies,"Blockchain technologies are decentralized digital ledgers that securely record transactions across multiple computers, ensuring that the data cannot be altered retroactively without the consensus of the network.",AI Can Power The Green Energy Transition,,https://www.forbes.com/sites/sumantsinha/2024/02/26/ai-can-power-the-green-energy-transition/,Forbes
4.4.4,,,,,2,digital financing platforms,"Digital financing platforms are online services that facilitate financial transactions, lending, and investment through digital means, connecting borrowers and lenders or investors and projects.",How Digital Technology and Innovation can Help Protect the Planet,,https://www.unep.org/news-and-stories/story/how-digital-technology-and-innovation-can-help-protect-planet,UNEP
4.4.4,,,,,3,predictive analytics,Predictive analytics is the use of statistical techniques and algorithms to analyze historical data and make predictions about future events or trends.,Delivering Energy Services for Poverty Reduction: Success Stories,,https://www.cepal.org/en/pressreleases/current-pace-only-23-sustainable-development-goal-targets-will-be-achieved-2030-latin,IMF
4.5.1,Partnerships for Sustainable Energy Investments,Cross-Sectional Issues in Sustainable Energy Finance,Sustainable Energy Finance,"This lesson focuses on the importance of partnerships in driving sustainable energy investments by pooling resources, sharing risks, and fostering collaboration between governments, international organizations, and the private sector.",1,just energy transition partnerships√™,"Just energy transition partnerships are collaborative efforts between various stakeholders, including governments, businesses, and communities, aimed at ensuring that the shift from fossil fuels to renewable energy sources is equitable, inclusive, and benefits all, particularly marginalized groups.",Low-Cost Finance for the Energy Transition,,https://www.irena.org/Publications/2023/May/Low-cost-finance-for-the-energy-transition,IRENA
4.5.1,,,,,2,multilateral development banks (mdbs),"Multilateral development banks (MDBs) are international financial institutions that provide loans, grants, and technical assistance to support economic development and reduce poverty in developing countries, typically funded by multiple countries.",Renewable Power Generation Costs in 2021,,https://www.irena.org/Publications/2022/Jul/Renewable-Power-Generation-Costs-in-2021,IRENA
4.5.1,,,,,3,risk-sharing mechanisms√™,"Risk-sharing mechanisms are strategies or tools used to distribute the financial risks associated with a project or investment among multiple parties, reducing the burden on any single entity.",Scaling Up Investments in Ocean Energy Technologies,,https://www.irena.org/Publications/2023/Mar/Scaling-up-investments-in-ocean-energy-technologies,IRENA
4.5.2,Gender Equality And Sustainable Energy Finance,Cross-Sectional Issues in Sustainable Energy Finance,Sustainable Energy Finance,"This lesson focuses on addressing the intersectionality of gender inequality within climate and energy finance, highlighting how overlapping identities such as gender, race, ethnicity, and socioeconomic status can exacerbate barriers to accessing financial resources, leadership roles, and energy technologies for marginalized women.",1,intersectionality√™,"Intersectionality is a framework for understanding how various social identities, such as race, gender, class, and sexuality, intersect and interact to create unique experiences of discrimination and privilege.",Advancing gender equality in the renewable energy sector,,https://www.ruralelec.org/publication/position-paper-advancing-gender-equality-in-the-renewable-energy-sector/,Alliance for Rural Electrification
4.5.2,,,,,2,risk-sharing mechanisms,"Risk-sharing mechanisms are strategies or arrangements that distribute the financial risks associated with a project or investment among multiple parties, reducing the burden on any single entity.",Solar PV: A Gender Perspective,,https://www.irena.org/Publications/2022/Sep/Solar-PV-Gender-Perspective,IRENA
4.5.2,,,,,3,targeted funding√™,"Targeted funding refers to financial resources allocated specifically for a particular project, initiative, or purpose, often aimed at addressing specific needs or goals within a community or sector.",Gender Equality in the Off-Grid Solar Sector: A Primer,,https://www.esmap.org/Gender_Equality_in_the_Off-Grid_Solar_Sector_Primer,ESMAP
4.5.3,Regional Priorities,Cross-Sectional Issues in Sustainable Energy Finance,Sustainable Energy Finance,This lesson discusses energy investment priorities across different regions and the tools that migh work best for each,1,,,Renewable Energy Capacity Statistics 2024,,https://sun-connect.org/wpcont/uploads/IRENA_RE_Capacity_Statistics_2024.pdf,IRENA
4.5.3,,,,,2,,,"At the Current Pace, Only 23% of the Sustainable Development Goal Targets Will Be Achieved by 2030 in Latin America and the Caribbean",,https://www.weforum.org/reports/the-net-zero-industry-tracker,IRENA
4.5.3,,,,,3,,,Renewable Energy Outlook for ASEAN: Towards a Regional Energy Transition (2nd Edition),,https://www.irena.org/Publications/2022/Sep/Renewable-Energy-Outlook-for-ASEAN-2nd-edition,IRENA
5.1.1,Introduction to Energy Governance,An Overview of Energy Governance,Energy Governance for a Just Energy Transition,"This lesson defines governance and energy governance, emphasizing their critical role in shaping decision-making, managing trade-offs, and ensuring a just energy transition, and discusses the three principles of effectiveness, inclusinvess and accountability",1,energy governance,"Energy governance refers to the frameworks, policies, and institutions that guide the management and regulation of energy resources, ensuring sustainable development, security, and equitable access to energy.",Securing Clean Energy Technology Supply Chains,,http://repositorio.cepal.org/handle/11362/40809,IEA
5.1.1,,,,,2,principle of energy governance,"The principle of energy governance refers to the frameworks, policies, and practices that guide the management and regulation of energy resources, ensuring sustainable, equitable, and efficient energy use while balancing economic, environmental, and social considerations.",International Energy Agency âNet Zero by 2050 reportâ,,https://www.wbcsd.org/resources/international-energy-agency-net-zero-by-2050-report/,World Business Council for Sustainable Development
5.1.1,,,,,3,,,Why Artificial Intelligence is a Game-Changer for Renewable Energy,,https://www.irena.org/Publications/2022/Mar/Renewable-Technology-Innovation-Indicators,REN21
5.1.2,Energy Governance Focus Areas,An Overview of Energy Governance,Energy Governance for a Just Energy Transition,"This lesson explores energy governance four pillars(focus areas), including inclusive institutions, regulatory frameworks, civic engagement, and oversight mechanisms.",1,appropriate and independent oversight.,"A system of monitoring and evaluation that ensures decisions and actions are made transparently and accountably, without undue influence from those being overseen.",Dutch Green Hydrogen proposition for South Africa,,https://www.iea.org/reports/world-energy-investment-2024,IEA
5.1.2,,,,,2,"civic engagement and empowerment,","Civic engagement and empowerment refer to the active participation of individuals in their community and society, enabling them to influence decisions, advocate for change, and contribute to the democratic process.",Public Finance For Universal Energy Access,,https://www.ruralelec.org/publication/e-mobility-dre-innovations-in-emerging-economies/,World Economic Forum
5.1.2,,,,,3,inclusive and effective institutions,"Institutions that are open to participation from all segments of society and operate in a way that is transparent, accountable, and responsive to the needs of the community, ensuring equitable access to resources and decision-making processes.",Energy Modelling in the EU and China,,https://www.irena.org/Publications/2022/Mar/Green-Hydrogen-for-Industry,UNECE
5.1.3,Cross-Cutting Approaches to Energy Governance,An Overview of Energy Governance,Energy Governance for a Just Energy Transition,"This lesson highlights four essential cross-cutting approaches—people-centered inclusivity, multi-level governance, digital enablement, and flexibility—demonstrating how they enhance the effectiveness, transparency, and adaptability of governance systems to support just and sustainable energy transitions.",1,digitally enabled approaches,"Methods or strategies that utilize digital technologies to enhance processes, improve efficiency, or facilitate communication and collaboration.",Towards a Hydrogen Economy in the UNECE Region,,https://unece.org/sustainable-energy/publications/towards-hydrogen-economy-unece-region,UNECE
5.1.3,,,,,2,flexible and adaptive approaches,"Flexible and adaptive approaches refer to strategies that can be adjusted and modified in response to changing conditions, needs, or challenges, allowing for more effective problem-solving and resource management.",Advancing Green Hydrogen Production from Solar and Wind Power Sources and Potential Uses in Viet Nam,,https://www.irena.org/Publications/2022/Sep/Solar-PV-Gender-Perspective,Netherlands Enterprise Agency
5.1.3,,,,,3,inclusive and people-centered approach,"An inclusive and people-centered approach prioritizes the needs, perspectives, and participation of individuals and communities in decision-making processes, ensuring that diverse voices are heard and valued.",Renewable Energy and Sustainability Report 2023,,https://www.ren21.net/renewable-energy-and-sustainability-report-2023/,WEF
5.2.1,Political Economy and Energy Governance,Policy and Regulatory Frameworks for a Just Energy Transition,Energy Governance for a Just Energy Transition,"This lesson examines how political and economic factors shape energy governance, emphasizing the need for political economy analysis (PEA) and Institutional and Context Analysis (ICA) to navigate challenges and advance just energy transitions.",1,institutional and context analysis (ica),"Institutional and Context Analysis (ICA) is a systematic approach used to understand the structures, processes, and relationships within institutions and their surrounding environments, focusing on how these factors influence policies, practices, and outcomes.",Green Public Procurement: Catalysing the Net Zero Economy,,https://www.weforum.org/whitepapers/green-public-procurement-catalysing-the-net-zero-economy,WEF
5.2.1,,,,,2,political economy of energy transition,"The political economy of energy transition refers to the study of how political, economic, and social factors influence the shift from fossil fuel-based energy systems to renewable energy sources, including the impacts on power dynamics, policy-making, and economic structures.",Scaling Up Investments in Ocean Energy Technologies,,https://www.iea.org/reports/securing-clean-energy-technology-supply-chains,World Bank
5.2.1,,,,,3,,,Making the Hydrogen Economy Possible: Accelerating Clean Hydrogen in an Electrified Economy,,https://www.energy-transitions.org/publications/making-clean-hydrogen-possible/,Energy Transition Commission
5.2.2,Policy Coherence,Policy and Regulatory Frameworks for a Just Energy Transition,Energy Governance for a Just Energy Transition,"This lesson discusses the significance of  policy coherence to align policies across sectors to prevent conflicts and maximize synergies, exploring key pillars—including institutional capacity, partnerships, data analysis, and coordination mechanisms—that enhance effective governance for sustainable energy transitions.",1,institutional capacity,"Institutional capacity refers to the ability of an organization or institution to effectively manage resources, implement policies, and achieve its goals, often involving skills, processes, and structures.","Decarbonization, Energy Policy, Net-Zero Pathways",,https://www.irena.org/Publications/2023/Jun/World-Energy-Transitions-Outlook-2023,IRENA
5.2.2,,,,,2,participatory processes,"Participatory processes are methods that actively involve stakeholders, such as community members or organizations, in decision-making and planning activities to ensure their voices and perspectives are considered.",How Energy Modeling Works. The Uses and Limitations of Energy. Modeling for Decarbonization Planning,,https://www.esmap.org/grid-integration-requirements-for-variable-renewable-energy,UNEP
5.2.2,,,,,3,,,The Evolution of Energy Efficiency Policy to Support Clean Energy Transitions,,https://www.iea.org/reports/the-evolution-of-energy-efficiency-policy-to-support-clean-energy-transitions,IEA
5.2.3,Strategic Foresight for Energy Governance,Policy and Regulatory Frameworks for a Just Energy Transition,Energy Governance for a Just Energy Transition,"This lesson explores strategic foresight as a tool for anticipating future energy challenges and opportunities, utilizing methodologies like horizon scanning, scenario planning, and backcasting to enhance risk management, policy flexibility, and investment strategies for resilient and adaptive energy transitions.",1,resource allocation,"Resource allocation is the process of distributing available resources, such as time, money, and materials, among various projects or departments to achieve specific goals efficiently.",A Survey of International Activities in Energy Access and Electrification,,https://www.irena.org/Publications/2022/May/Innovation-Outlook-Renewable-Ammonia,Clean Aviation
5.2.3,,,,,2,risk management,"The process of identifying, assessing, and prioritizing risks followed by coordinated efforts to minimize, monitor, and control the probability or impact of unfortunate events.",Clean Energy Transitions Programme 2021,,https://www.iea.org/reports/clean-energy-transitions-programme-2021,IEA
5.2.3,,,,,3,,,Tracking SDG7: The Energy Progress Report 2022,,https://www.esmap.org/esmap_Tracking_SDG7_The_Energy_Progress_Report_2022,ESMSP
5.2.4,Adaptive Policies and Regulations,Policy and Regulatory Frameworks for a Just Energy Transition,Energy Governance for a Just Energy Transition,"This lesson explores how adaptive policies and regulations ensure flexibility, resilience, and effectiveness in energy governance by incorporating continuous monitoring, stakeholder engagement, innovation incentives, and Regulatory Impact Assessment (RIA) to respond to evolving challenges.",1,adaptive policies,"Adaptive policies are flexible strategies that can be adjusted over time in response to changing conditions, new information, or unexpected challenges, particularly in the context of environmental management and sustainability.",Grid Integration Requirements for Variable Renewable Energy,,https://www.esmap.org/grid-integration-requirements-for-variable-renewable-energy,ESMAP
5.2.4,,,,,2,regulatory impact assessment√™(ria,"Regulatory Impact Assessment (RIA) is a systematic process used to evaluate the potential effects of proposed regulations, including their economic, social, and environmental impacts, to ensure informed decision-making.",Grid Codes for Renewable-Powered Systems,,https://www.irena.org/Publications/2022/Apr/Grid-codes-for-renewable-powered-systems,IRENA
5.2.4,,,,,3,regulatory sandboxes,"Regulatory sandboxes are controlled environments set up by regulators that allow businesses, especially startups, to test innovative products, services, or business models with reduced regulatory requirements and oversight.","As Use of A.I. Soars, So Does the Energy and Water It Requires",,https://e360.yale.edu/features/artificial-intelligence-climate-energy-emissions,Yale School of the Environment
5.3.1,Integrated Governance for a Just Energy Transition,Inclusive and Effective Institutions,Energy Governance for a Just Energy Transition,"This lesson explores the transition from centralized, state-led energy management to decentralized, multi-stakeholder governance, emphasizing collaboration across governments, regulatory bodies, private sector actors, and civil society to ensure transparent, inclusive, and adaptive energy transitions.",1,whole-of-government approach,"A whole-of-government approach is a coordinated strategy where multiple government agencies work together to address complex issues, ensuring that policies and actions are aligned and integrated across different sectors.",Unsustainable Mining: The Achilles' Heel of the Global Energy Transition,,https://www.carbontrust.com/en-eu/news-and-insights/insights/unsustainable-mining-will-be-the-achilles-heel-of-the-global-energy-transition,Grantham Research Institute
5.3.1,,,,,2,whole-of-society approach,"A whole-of-society approach is a collaborative strategy that involves all sectors of society, including government, businesses, communities, and individuals, working together to address complex issues and achieve common goals, particularly in areas like sustainability and social development.","At the Current Pace, Only 23% of the Sustainable Development Goal Targets Will Be Achieved by 2030 in Latin America and the Caribbean",,https://www.irena.org/Publications/2022/Sep/Solar-PV-Gender-Perspective,IRENA
5.3.1,,,,,3,,,Innovation Outlook: Renewable Ammonia,,https://www.irena.org/Technical-Papers/Potential-Limitations-of-Marginal-Pricing-for-a-Power-System-Based-on-Renewables,IRENA
5.3.2,Civic Engagements And Its Role in Energy Governance,Civic Engagement and Empowerment,Energy Governance for a Just Energy Transition,"This lesson explores the role of civic engagement in energy governance, highlighting how participatory decision-making, energy democracy, and community-driven initiatives enhance transparency, accountability, and public trust while fostering localized solutions and equitable energy transitions.",1,corruption risks in energy transition,"Corruption risks in energy transition refer to the potential for unethical practices, fraud, or misuse of power that can occur during the shift from fossil fuels to renewable energy sources, impacting investment, policy-making, and project implementation.",Renewable Technology Innovation Indicators,,https://www.ruralelec.org/publication/position-paper-off-grid-renewable-energies-to-achieve-sdg-7-and-sdg-13-cheaper-cleaner-and-smarter/,IRENA
5.3.2,,,,,2,open and transparent institutions,"Open and transparent institutions are organizations or entities that operate in a way that is accessible to the public, providing clear information about their processes, decisions, and activities, thereby promoting accountability and trust.",Asia-Pacific Progress in Sustainable Energy,,https://rmi.org/insight/making-the-clean-energy-transition-affordable/,Clean Energy States Alliance
5.3.2,,,,,3,,,Public Finance For Universal Energy Access,,https://trackingsdg7.esmap.org/data/files/download-documents/asia-pacific_regional_gtf_2017_report.pdf,Clean Energy States Alliance
5.3.3,Facilitating Cooperation with a Heterogeneous Civil Society,Civic Engagement and Empowerment,Energy Governance for a Just Energy Transition,"This lesson explores the mechanisms for effective civic engagement in energy governance to empower diverse civil society actors—local communities, women, youth, and indigenous peoples—in driving a just and sustainable energy transition.",1,,,Global Energy Transformation Guide: Fossil Fuel Transition Strategies,,https://www.irena.org/Publications/2022/Mar/Renewable-Technology-Innovation-Indicators,IEA
5.3.3,,,,,2,,,Scaling Solar Power: 2025 Solar Market Insight Report with Wood Mackenzie,,https://seia.org/research-resources/scaling-solar-power-2025-solar-market-insight-report-with-wood-mackenzie/,Solar Energy Industries Association
5.3.3,,,,,3,,,Tracking SDG7 Progress: The Enery Progress Report 2024,,https://www.irena.org/Publications/2024/Jun/Tracking-SDG-7-The-Energy-Progress-Report-2024,IRENA
5.4.1,Effective and Independent Oversight,Appropriate and Independent Oversight,Energy Governance for a Just Energy Transition,"This lesson explores the mechanisms of effective oversight in energy governance, emphasizing the role of both internal and external accountability structures  in ensuring transparency, preventing fraud, and strengthening institutional integrity of energy governance ",1,civic engagement,"Civic engagement refers to the active participation of individuals in the political, social, and community activities that influence decision-making and promote the common good.",Renewable Energy and Jobs: Annual Review 2023,,https://investmentpolicy.unctad.org/publications/1283/world-investment-report-2023-investing-in-sustainable-energy-for-all,IRENA
5.4.1,,,,,2,,,Global Energy Perspective 2023: Hydrogen outlook,,https://www.mckinsey.com/industries/oil-and-gas/our-insights/global-energy-perspective-2023-hydrogen-outlook,Mckinsey
5.4.1,,,,,3,,,Reimagining Resource Planning,,https://www.undp.org/sites/g/files/zskgke326/files/publications/Financing_the_2030_Agenda_CO_Guidebook.pdf,IEA
5.4.2,Agile Oversight,Appropriate and Independent Oversight,Energy Governance for a Just Energy Transition,"This lesson explores the mechanisms of agile oversight in energy governance, highlighting its flexibility, responsiveness, and continuous monitoring to adapt to evolving challenges, enhance regulatory efficiency, and integrate innovative tools like AI-driven analytics for real-time decision-making and accountability.",1,effective citizen engagement,"Effective citizen engagement refers to the active participation of individuals in decision-making processes that affect their communities, ensuring that their voices are heard and considered in governance and policy development.",The Cost of Financing for Renewable Power,,https://www.wocan.org/wp-content/uploads/2024/07/CC-Facility_Learning-Hub_Stocktaking-Report.pdf,UNDP
5.4.2,,,,,2,indigenous peoples,"Indigenous peoples are ethnic groups who are the original inhabitants of a region, maintaining distinct cultural, social, and political identities that are often tied to their ancestral lands.",IRENA Energy Transition Support to Strengthen Climate Action 2022,,https://www.irena.org/Publications/2022/Nov/IRENA-energy-transition-support-to-strengthen-climate-action-2022,IRENA
5.4.2,,,,,3,,,UN SDSN Global Climate Hub: Modelling Net Zero Pathways,,https://unsdsn.globalclimatehub.org/wp-content/uploads/2024/01/report_COP28_final_proofread-2.pdf,UN SDSN
5.4.3,Gender Lens Oversight and Gender Audits in the Energy Transition,Appropriate and Independent Oversight,Energy Governance for a Just Energy Transition,"This lesson explores the mechanisms of gender lens oversight in energy governance, emphasizing gender audits, institutional frameworks, and accountability tools to ensure inclusive and equitable energy policies that address diverse social needs and promote gender-responsive decision-making.",1,,,Accelerating Hydrogen Deployment in the G7,,http://www.ren21.net/wp-content/uploads/2016/10/REN21_GSR2016_FullReport_en_11.pdf,EY
5.4.3,,,,,2,,,Green Hydrogen for Industry,,https://www.cesa.org/wp-content/uploads/How-Energy-Modeling-Works.pdf,ESMSP
5.4.3,,,,,3,,,How Green Innovation Can Stimulate Economies and Curb Emissions,,https://www.imf.org/en/Blogs/Articles/2023/11/06/how-green-innovation-can-stimulate-economies-and-curb-emissions,IMF
6.1.1,The Impact of Energy Systems on Climate Change,Linkages between Energy Systems and Climate Change ,The Climate Change-Energy Nexus ,Examining the environmental and climate change challenges associated with energy systems,1,circular economy,"A circular economy is an economic system aimed at eliminating waste and the continual use of resources by reusing, recycling, and regenerating materials, creating a closed-loop system that minimizes environmental impact.","Critical Transitions: Circularity, equity, and responsibility in the quest for energy transition minerals",,https://www.unwomen.org/en/digital-library/publications/2023/05/gender-equality-in-the-sustainable-energy-transition,IEA
6.1.1,,,,,2,climate change scenario analysis,"Climate change scenario analysis is a method used to evaluate potential future impacts of climate change by exploring different possible scenarios based on varying levels of greenhouse gas emissions, policy responses, and socio-economic developments.",Generating Meaningful Energy Systems Models for Africa,,https://issues.org/energy-systems-models-africa-dioha-mutiso/,Issues in Science and Technology
6.1.1,,,,,3,decarbonization,Decarbonization is the process of reducing or eliminating carbon dioxide emissions from energy sources and industrial processes to combat climate change.,Financing Clean Energy in Africa,,https://www.rvo.nl/sites/default/files/2023-08/Dutch-GH2-proposition-for-South-Africa.pdf,IEA
6.1.2,The Impact of Climate Change on Energy Systems,,,Understanding the profound effects of climate change on energy systems ,1,climate risk in the power sector,"Climate risk in the power sector refers to the potential negative impacts of climate change on energy production, distribution, and infrastructure, including extreme weather events, changing temperature patterns, and regulatory changes that can affect the reliability and sustainability of power supply.",IPCCâs Sixth Assessment on Tackling Climate Change,,https://www.carbonbrief.org/in-depth-qa-the-ipccs-sixth-assessment-on-how-to-tackle-climate-change/,Carbon Brief
6.1.2,,,,,2,climate vulnerability,"Climate vulnerability refers to the degree to which a system, community, or individual is susceptible to the adverse effects of climate change, including extreme weather events, rising sea levels, and changing climate patterns.","Reference Data Series No. 1 â Energy, Electricity and Nuclear Power Estimates for the Period up to 2050",,https://www.iea.org/reports/renewables-2022,WEF
6.1.2,,,,,3,energy reliability,"Energy reliability refers to the ability of an energy system to consistently provide power without interruptions or failures, ensuring that electricity is available when needed.",Sharing Knowledge to Transform Energy Systems in Developing Countries,,https://www.cif.org/sites/cif_enc/files/knowledge-documents/gesp_may10_2024.pdf,The Climate Investment Funds
6.2.1,"The Climate, Environmental and Health Benefits of Sustainable Energy ",Sustainable Energy for Climate Mitigation,,Exploring how sustainable energy can help achieve climate targets and enhance public health and economic value ,1,energy and air quality,"Energy and air quality refer to the relationship between energy production and consumption and the impact it has on the cleanliness and health of the air we breathe, including pollutants released from energy sources.",Environmental Sustainability and Energy Development,,http://repositorio.cepal.org/handle/11362/40809,UNEP
6.2.1,,,,,2,land use planning,"Land use planning is the process of evaluating and designating how land in a specific area should be used, balancing development needs with environmental protection and community interests.",Innovation Trends in Electrolysers for Hydrogen Production,,https://cleancooking.org/news/clean-cooking-alliance-releases-2024-annual-report/,RMI
6.2.1,,,,,3,lifecycle ghg emissions,"Lifecycle GHG emissions refer to the total greenhouse gas emissions associated with a product or service throughout its entire lifecycle, including extraction of raw materials, production, transportation, use, and disposal.",Towards a Hydrogen Economy in the UNECE Region,,https://www.iea.org/reports/fossil-fuel-subsidies-in-clean-energy-transitions-time-for-a-new-approach,UNFCCC
6.2.2,Exploring Renewable Technologies for Climate Mitigation,,,Getting to know a diverse set of sustainable energy technologies for emission reduction,1,bioenergy,"Bioenergy is energy derived from organic materials, such as plants and animal waste, which can be converted into fuels or electricity.",Harnessing the Power of Hydrogen,,https://www.undp.org/stories/harnessing-power-hydrogen,UNDP
6.2.2,,,,,2,energy storage,"Energy storage refers to the capture and holding of energy for use at a later time, allowing for the balancing of supply and demand in energy systems.",Renewable Technology Innovation Indicators,,https://www.irena.org/Publications/2022/Mar/Renewable-Technology-Innovation-Indicators,IRENA
6.2.2,,,,,3,hydrogen for development,"Hydrogen for development refers to the use of hydrogen as a clean energy source to support economic growth, enhance energy security, and promote sustainable development, particularly in developing countries.",Renewable Energy Statistics 2023,,https://www.irena.org/Publications/2023/Jul/Renewable-energy-statistics-2023,IRENA
6.3.1,Renewable Energy for Enhancing Climate Resilience,Sustainable Energy for Climate Adaptation,,Learning the ways decentralized renewable energy can support climate adaptation and resilience,1,climate adaptation strategies,"Climate adaptation strategies are actions and plans designed to help communities, ecosystems, and economies adjust to the impacts of climate change, reducing vulnerability and enhancing resilience.",Why Artificial Intelligence is Key to Renewable Energy Grid Resilience,,https://www.weforum.org/agenda/2021/03/artificial-intelligence-is-key-to-grid-resilience/,World Economic Forum
6.3.1,,,,,2,climate-smart agriculture,"Climate-smart agriculture is an approach to farming that aims to increase productivity while adapting to climate change and reducing greenhouse gas emissions. It focuses on sustainable practices that enhance resilience, improve food security, and promote environmental health.",How AI Can Help Power Energy Systems in an Age of Renewables,,https://www.reuters.com/sustainability/climate-energy/how-ai-can-help-power-energy-systems-an-age-renewables-2023-12-18/,Reuters
6.3.1,,,,,3,nature-based solutions,"Nature-based solutions are strategies that use natural processes and ecosystems to address societal challenges, such as climate change, water management, and biodiversity loss, while providing benefits to both people and the environment.",Renewable Energy and Sustainability Report 2023,,https://www.iea.org/reports/advancing-decarbonisation-through-clean-electricity-procurement,ESCAP
6.3.2,Enhancing Resilience and Adaptability of Energy Systems ,,,Examining the strategies to improve energy systems' adaptability to climate change,1,resilient energy storage systems,"Resilient energy storage systems are technologies designed to reliably store energy and provide backup power during outages or disruptions, ensuring a stable energy supply even in adverse conditions.",Energy Transitions Require Innovation in Power System Planning,,https://www.iea.org/articles/energy-transitions-require-innovation-in-power-system-planning,IEA
6.3.2,,,,,2,smart grid optimization,"Smart grid optimization refers to the use of advanced technologies and data analytics to enhance the efficiency, reliability, and sustainability of electricity distribution networks, enabling better management of energy resources and demand.",Why Artificial Intelligence is a Game-Changer for Renewable Energy,,https://www.ey.com/en_uk/power-utilities/why-artificial-intelligence-is-a-game-changer-for-renewable-energy,EY
6.3.2,,,,,3,vulnerability assessment,"A vulnerability assessment is a systematic process used to identify, evaluate, and prioritize potential weaknesses in a system, organization, or community that could be exploited by threats, particularly in the context of environmental, social, or economic risks.",Can renewable energy development facilitate China's sustainable energy transition? Perspective from Energy Trilemma,,https://www.sciencedirect.com/science/article/abs/pii/S0360544224019340,Elsevier
6.3.3,An Intersectional Approach to Climate Change,,,Applying an intersectional lens to the energy transition,1,community-led solutions,"Community-led solutions are initiatives or strategies developed and implemented by local communities to address their own challenges, leveraging local knowledge, resources, and participation to create sustainable and effective outcomes.",Financing for Sustainable Development Report 2022 - Bridging the Finance Divide,,https://sdgs.un.org/sites/default/files/2023-07/Achieving%20Universal%20Access%20by%202030%20and%20Net-Zero%20Emissions%20by%202050%20-%20A%20Global%20Roadmap%20for%20Just%20and%20Inclusive%20Clean%20Cooking%20Transition-072623.pdf?_gl=1*1rosjlz*_ga*MTMxMDE1ODkxMi4xNzIxMjA5NzY0*_ga_TK9BQL5X7Z*MTcyMjQzNTAwNS4yLjEuMTcyMjQzNTA3NS4wLjAuMA..,IEA
6.3.3,,,,,2,indigenous knowledge for climate action,"Indigenous knowledge for climate action refers to the traditional ecological knowledge and practices of Indigenous peoples that contribute to understanding and addressing climate change, emphasizing sustainable resource management, biodiversity conservation, and resilience strategies rooted in cultural heritage.",2023 Policy Briefs in Support of the High-Level Political Forum,,https://www.irena.org/publications/2021/May/Decarbonising-end-use-sectors-green-hydrogen,IRENA
6.3.3,,,,,3,marginalized communities,"Marginalized communities are groups of people who experience social, economic, or political disadvantages, often due to factors like race, ethnicity, gender, sexual orientation, or disability, leading to reduced access to resources and opportunities.",Regional trends report 2024 : energy connectivity for sustainable development in Asia and the Pacific,,http://www.ren21.net/wp-content/uploads/2016/10/REN21_GSR2016_FullReport_en_11.pdf,International Atomic Energy Agency
6.4.1,Decarbonizing the Industry Sector ,Sustainable Energy Transformation in End-use Sectors ,,Adopting low carbon technologies and Improving efficiency for industrial decarbonization,1,carbon capture and storage,"Carbon capture and storage (CCS) is a technology that captures carbon dioxide emissions from sources like power plants and industrial processes, and stores it underground to prevent it from entering the atmosphere.",Independent Evaluation of Green Climate Fund's Energy Sector Portfolio and Approach,,https://www.iea.org/reports/securing-clean-energy-technology-supply-chains,UNCTAD
6.4.1,,,,,2,energy end-use sectors,"Energy end-use sectors refer to the various categories of activities or industries that consume energy, such as residential, commercial, industrial, and transportation sectors.",Towards a Circular Steel Industry,,https://www.irena.org/Publications/2023/Jul/Towards-a-Circular-Steel-Industry,IRENA
6.4.1,,,,,3,energy productivity,"Energy productivity refers to the amount of economic output generated per unit of energy consumed, indicating how efficiently energy is used in producing goods and services.",Green Hydrogen for Industry,,https://www.irena.org/Publications/2022/Mar/Green-Hydrogen-for-Industry,IRENA
6.4.2,"Sustainable Buildings: Efficiency, Electrification, and Equity ",,,Reducing buildings sector energy consumption with electrification and efficiency strategies,1,energy demand for urbanization,"Energy demand for urbanization refers to the total amount of energy required to support the growth and development of urban areas, including residential, commercial, and infrastructure needs.",Technology and Innovation Pathways for Zero-Carbon Ready Buildings by 2030,,https://www.iea.org/reports/technology-and-innovation-pathways-for-zero-carbon-ready-buildings-by-2030,IEA
6.4.2,,,,,2,green buildings,"Green buildings are structures designed, built, and operated to minimize their environmental impact, enhance energy efficiency, and promote the health and well-being of occupants.",Smart Electrification with Renewables,,https://www.irena.org/Publications/2022/Feb/Smart-Electrification-with-Renewables,IRENA
6.4.2,,,,,3,heating and cooling,"Heating and cooling refer to the processes of raising or lowering the temperature of a space to maintain comfort, typically using systems like furnaces, air conditioners, or heat pumps.",Efficient Grid-Interactive Buildings,,https://www.iea.org/reports/efficient-grid-interactive-buildings,IEA
6.4.3,Transforming Transport: Electrification and Inclusive Mobility  ,,,Transitioning to electric mobility for emission reduction and development benefits,1,battery recycling,"Battery recycling is the process of collecting, processing, and reusing materials from used batteries to recover valuable metals and reduce environmental impact.",The Road to Sustainable Transport,,https://www.iisd.org/articles/deep-dive/road-sustainable-transport,IISD
6.4.3,,,,,2,battery storage,"Battery storage refers to the use of batteries to store energy for later use, allowing for the management of energy supply and demand, particularly from renewable sources.",E-Mobility & Decentralized Renewable Energy Innovations in Emerging Economies,,https://www.ruralelec.org/publication/e-mobility-dre-innovations-in-emerging-economies/,Alliance for Rural Electrification
6.4.3,,,,,3,electric mobility,"Electric mobility refers to the use of electric-powered vehicles, such as electric cars, bikes, and scooters, for transportation, promoting sustainable and eco-friendly travel.","Intelligent Transport Systems (ITS) for Sustainable Mobility, Second Edition",,https://unece.org/transport/publications/intelligent-transport-systems-its-sustainable-mobility-second-edition-part,UNECE
7.1.1,Introduction to Energy Data,Foundational Concepts of Energy Data and Its Role in Sustainability and Equity,Data in Sustainable Energy,"This lesson breaks down the key qualities of energy data—like accuracy, reliability, and timeliness—and why they matter for making better decisions. It also looks at how data fits into the policy-making process, from spotting problems and setting goals to tracking progress and checking results. It shows how data can help shape energy policies that work for everyone.",1,data quality metrics,"Data quality metrics are standards or measures used to assess the accuracy, completeness, consistency, and reliability of data.",Demand Side Data and Energy Efficiency Indicators,,https://www.iea.org/reports/demand-side-data-and-energy-efficiency-endicators,IEA
7.1.1,,,,,2,data-driven decision making,Data-driven decision making is the process of making choices based on data analysis and interpretation rather than intuition or personal experience.,"Reference Data Series No. 1 â Energy, Electricity and Nuclear Power Estimates for the Period up to 2050",,https://www-pub.iaea.org/MTCD/Publications/PDF/RDS-1-36Web-28008110.pdf,International Atomic Energy Agency
7.1.1,,,,,3,Energy Data,"Energy data refers to the quantitative and qualitative information related to the production, consumption, distribution, and performance of energy systems. This encompasses metrics such as generation capacity, fuel consumption, efficiency, emissions, and cost indicators, all of which are critical for monitoring system performance, informing policy decisions, and optimizing energy operations.",Policies for Sustainable Energy & Energy Efficiency,,https://www.un-redd.org/sites/default/files/2021-10/UNDP-Catalysing-Climate%20Finance%20-%20May%202011.pdf,RMI
7.1.2,The Role of Data in Advancing Sustainable Energy And Equity,,,"This lesson highlights the critical role of data in advancing sustainable energy and equity, emphasizing its use to track progress, measure impacts, and address disparities. Key tools include UNDP’s Energy Moonshot Tracker for monitoring global energy access initiatives and the World Bank’s Multi-Tier Framework to assess energy equity beyond basic metrics. It underscores the need for transparent reporting and ethical data practices to ensure accountability, build trust, and inform policies that balance sustainability with social justice.",1,energy equity metrics,"Energy equity metrics are measures used to assess the fairness and accessibility of energy resources and services across different communities, ensuring that all populations have equal access to affordable, reliable, and sustainable energy.",Closing the energy access gap and transitioning to decarbonized energy systems,,https://www.unep.org/news-and-stories/speech/closing-energy-access-gap-and-transitioning-decarbonized-energy-systems,UNEP
7.1.2,,,,,2,ethical data practices,"Ethical data practices refer to the responsible and fair handling of data, ensuring privacy, consent, transparency, and accountability in data collection, usage, and sharing.",Advancing Green Hydrogen Production from Solar and Wind Power Sources and Potential Uses in Viet Nam,,https://www.undp.org/vietnam/press-releases/advancing-green-hydrogen-production-solar-and-wind-power-sources-and-potential-uses-viet-nam,UNDP
7.1.2,,,,,3,multi-tier frameworks,"Multi-tier frameworks are structured systems that organize processes or components into different levels or layers, each with specific roles and responsibilities, often used to enhance efficiency, scalability, and manageability in complex projects or systems.",Energy Sector Management Assistance Program (ESMAP) Annual Report 2023,,https://www.esmap.org/ESMAP_2023_Annual-Report,World Bank
7.1.3,The Energy Data Value Chain,,,This lesson delves deeper into the stages of the data value chain and explore the challenges faced by developing communities in leveraging data for sustainable energy development. This analysis highlights the critical role of data in bridging knowledge gaps and advancing equitable energy transitions.,1,data lifecycle,"The data lifecycle refers to the stages that data goes through from its initial creation and storage, through its use and sharing, to its eventual archiving or deletion.",Electricity 2025,,https://www.iea.org/reports/world-energy-investment-2023,RMI
7.1.3,,,,,2,data value chain,"The data value chain refers to the series of steps involved in collecting, processing, analyzing, and utilizing data to create value and inform decision-making.","Position Paper: Off-Grid Renewable Energies to Achieve SDG 7 and SDG 13 â Cheaper, Cleaner, and Smarter",,https://www.unescap.org/kp/2024/regional-trends-report-2024-energy-connectivity-sustainable-development-asia-and-pacific,UNEP
7.1.3,,,,,3,equitable data access,"Equitable data access refers to the fair and just availability of data to all individuals and communities, ensuring that everyone has the opportunity to access, use, and benefit from data resources, regardless of their socioeconomic status, location, or other barriers.",Energy Planning and Modelling Support in Africa,,https://www.iea.org/reports/world-energy-outlook-2022,Carbon Trust
7.2.1,Strategic Energy Planning at The Policy Level,"Approaches to Planning, Monitoring, and Evaluation in Sustainable Energy",,"This lesson highlights strategic energy planning as vital for balancing energy security, economic growth, and climate goals. It emphasizes holistic frameworks that integrate resource assessment, stakeholder engagement, and long-term objectives to align policies with sustainability. Key tools like energy system modeling enable adaptable, data-driven strategies, addressing socio-economic and environmental priorities. The focus is on dynamic planning processes that evolve with technological shifts and climate challenges, ensuring equitable, resilient pathways toward net-zero futures.",1,adaptive planning,"Adaptive planning is a flexible approach to planning that allows for adjustments and changes in response to new information, uncertainties, and evolving conditions, particularly in the context of environmental and sustainability challenges.",How Energy Modeling Works: The Uses and Limitations of Energy Modeling for Decarbonization Planning,,https://www.cesa.org/resource-library/resource/how-energy-modeling-works/,Clean Energy States Alliance
7.2.1,,,,,2,energy system modeling,"Energy system modeling is the process of creating mathematical representations of energy systems to analyze and predict their behavior, performance, and interactions under various scenarios.",Energy Modelling in the EU and China,,https://energy.ec.europa.eu/document/download/73d666b2-f6b4-4623-bc92-5981c3e73b56_en?filename=01%20-%20Energy%20Modelling%20in%20the%20EU%20and%20China.pdf,EU-China Energy Cooperation Platform
7.2.1,,,,,3,long-term energy objectives,"Long-term energy objectives are strategic goals set by governments, organizations, or communities aimed at achieving sustainable energy use, reducing carbon emissions, and transitioning to renewable energy sources over an extended period, typically spanning decades.",ECA Trains National Experts in Energy Modelling Tools,,https://www.uneca.org/stories/eca-trains-national-experts-in-energy-modelling-tools,ECA
7.2.2,"Fundamentals of Project Planning, Monitoring, and Evaluation",,,"This lesson highlights the fundamentals of project planning, monitoring, and evaluation (PM&E) as essential tools for advancing sustainable energy goals. Rooted in principles like local ownership, stakeholder inclusivity, and outcome-focused effectiveness, PM&E fosters transparency, accountability, and adaptability, ensuring energy projects deliver equitable, sustainable results through iterative learning and evidence-based decision-making.",1,evidence-based decision making,"Evidence-based decision making is the process of making choices based on the best available, well-researched evidence, rather than intuition or personal experience.",Utilising the Broad Application of Green Hydrogen,,https://www.iea.org/reports/tracking-clean-energy-progress-2023,UNDP
7.2.2,,,,,2,outcome-focused effectiveness,"Outcome-focused effectiveness refers to the evaluation of success based on the results or impacts achieved, rather than the processes or activities undertaken to achieve them.",Carbon Pricing and Monitoring in National Energy Strategies,,http://www.unece.org/index.php?id=40546,UNECE
7.2.2,,,,,3,stakeholder inclusivity,"Stakeholder inclusivity refers to the practice of actively involving all relevant parties, such as community members, employees, customers, and other affected groups, in decision-making processes to ensure diverse perspectives and interests are considered.",Accerlating the Energy Transition in Emerging Markets â Strategies for Unlocking Investment,,https://www.seforall.org/data-stories/seforall-analysis-of-sdg7-progress,IRENA
7.2.3,Gender and Intersectionality in Energy Data and Planning,,,"This lesson examines the integration of gender and intersectionality into energy data and planning, emphasizing the systemic disparities faced by marginalized groups. It explores challenges in sex-disaggregated data collection, gender-responsive policy design, and inclusive participatory approaches to decision-making. The lesson underscores the need for intersectional analysis to address overlapping inequalities and ensure equitable energy access and planning.",1,gender-responsive data,"Gender-responsive data refers to information that is collected, analyzed, and presented in a way that recognizes and addresses the different needs, experiences, and roles of individuals based on their gender. This type of data helps to inform policies and programs that promote gender equality and empower all genders.",Trade and Development Report Update 2024,,https://www.irena.org/Publications/2024/Jun/Tracking-SDG-7-The-Energy-Progress-Report-2024,Seimens Energy
7.2.3,,,,,2,intersectional analysis,"Intersectional analysis is a framework for understanding how various social identities, such as race, gender, class, and sexuality, intersect and interact to shape individual experiences and systemic inequalities.",Maximizing Socioeconomic Benefits Triggered by Renewables,,https://www.esmap.org/Maximizing_Socioeconomic_Benefits_Triggered_by_Renewables?title=&year=all&created=&created_1=&programs%5B1664%5D=1664&programs%5B1656%5D=1656&programs%5B15%5D=15&programs%5B1240%5D=1240&programs%5B1652%5D=1652&sort_by=field_published_on_value&sort_order=DESC,ESMAP
7.2.3,,,,,3,sex-disaggregated data,"Data that is collected and presented separately for different sexes, allowing for analysis of gender differences and inequalities.",IPCCâs Sixth Assessment on Tackling Climate Change,,https://www.sciencedirect.com/science/article/abs/pii/S0360544224019340,RMI
7.3.1,Data Science Techniques for Energy Analysis,Tools and Techniques for Data-Driven Insights in Energy,,"This lesson explores data science techniques for energy analysis, covering exploratory data analysis (EDA) methods like anomaly detection and predictive modeling. It highlights AI-driven automation in data cleaning, remote sensing integration with GIS for renewable energy optimization, and the role of data visualization in translating complex energy data into actionable insights. The lesson emphasizes leveraging these tools to enhance decision-making and sustainability in the energy sector.",1,data visualization,"Data visualization is the graphical representation of information and data, using visual elements like charts, graphs, and maps to make complex data more accessible and understandable.",Renewables 2023 Global Status Report,,https://www.undp.org/namibia/stories/green-hydrogen-people-centred-approach-sustainable-development-namibia,IRENA
7.3.1,,,,,2,exploratory data analysis (eda),"Exploratory Data Analysis (EDA) is an approach to analyzing data sets to summarize their main characteristics, often using visual methods, before applying formal modeling or hypothesis testing.",SEforALL Analysis of SDG7 Progress,,https://www.seforall.org/data-stories/seforall-analysis-of-sdg7-progress,Sustainable Energy for All
7.3.1,,,,,3,geographical information system (gis),"A Geographical Information System (GIS) is a technology that captures, stores, analyzes, and presents spatial or geographic data, allowing users to visualize and interpret data related to locations on Earth.",The Sustainable Development Goals Report 2023: Special Edition,,https://www.iea.org/reports/energy-access-and-air-pollution,International Hydropower Association
7.3.2,Energy Modelling Tools and Applications,,,"This lesson explores energy modelling tools and their applications in analyzing and optimizing energy systems, covering descriptive, prescriptive, and predictive models for policy analysis, scenario planning, and load forecasting. It highlights renewable energy integration, grid stability, and the role of data value chains in ensuring accurate models to support sustainable energy decision-making and efficient resource management.",1,grid stability analysis,"Grid stability analysis is the assessment of an electrical grid's ability to maintain consistent voltage and frequency levels during normal operation and after disturbances, ensuring reliable power supply.",ECA and Partners Train Experts on Energy Modelling Tools for Efficient Energy Systems,,https://www.uneca.org/stories/eca-and-partners-train-experts-on-energy-modelling-tools-for-efficient-energy-systems,ECA
7.3.2,,,,,2,renewable energy integration,"The process of incorporating renewable energy sources, such as solar or wind, into the existing energy system to ensure a reliable and efficient energy supply.",Innovation Outlook: Renewable Ammonia,,https://www.irena.org/Publications/2022/May/Innovation-Outlook-Renewable-Ammonia,IRENA
7.3.2,,,,,3,scenario planning,Scenario planning is a strategic planning method used to make flexible long-term plans by envisioning and analyzing different future scenarios based on varying assumptions and uncertainties.,Renewable Energy Policy Network for the 21st Century (REN21) Renewables 2024 Global Status Report,,https://www.weforum.org/agenda/2021/03/artificial-intelligence-is-key-to-grid-resilience/,Green Climate Fund
7.4.1,A.I. Applications in Energy,Future Directions for Data in the Energy Sector,,"This lesson explores the application of artificial intelligence (AI) in modern energy systems, focusing on predictive maintenance, energy optimization, and smart grid management. It highlights AI's role in enhancing asset reliability, integrating renewable energy, and improving demand forecasting through advanced analytics. The lesson also addresses AI-driven energy efficiency in buildings, transport, and industry, alongside emerging applications in carbon capture and grid resilience, underscoring its transformative potential in building sustainable and adaptive energy infrastructure.",1,artificial intelligence,"Artificial intelligence (AI) refers to the simulation of human intelligence in machines that are programmed to think and learn like humans, enabling them to perform tasks such as problem-solving, understanding language, and recognizing patterns.",Global Trends in Renewable Energy Investment 2016,,https://www.irena.org/Publications/2022/Sep/Scaling-up-renewables-in-landlocked-developing-countries,The Climate Investment Funds
7.4.1,,,,,2,data science,"Data science is the field that uses scientific methods, algorithms, and systems to extract knowledge and insights from structured and unstructured data.",Nuclear Energy for Net Zero: Accelerating Investment in Clean Energy Transitions,,https://www.iaea.org/publications/15664/nuclear-energy-for-net-zero-accelerating-investment-in-clean-energy-transitions,International Energy Agency
7.4.1,,,,,3,generative ai,"Generative AI refers to artificial intelligence systems that can create new content, such as text, images, music, or other media, by learning patterns from existing data.",Tracking Public Investment in Energy Technology Research: A Roadmap,,https://www.uneca.org/stories/eca-trains-national-experts-in-energy-modelling-tools,ESMSP
7.4.2,Emerging Trends and Technologies in Energy,,,"This lesson examines emerging trends and technologies transforming the energy sector, focusing on advanced AI techniques like deep learning and reinforcement learning for predictive maintenance, grid optimization, and renewable energy management. It explores blockchain applications in peer-to-peer energy trading and transparent emissions tracking, alongside addressing challenges such as data equity, infrastructure limitations, and ethical risks in AI deployment.",1,blockchain,"Blockchain is a decentralized digital ledger technology that securely records transactions across many computers, ensuring that the recorded data cannot be altered retroactively.",Renewables 2022,,https://www.iea.org/reports/renewables-2022,IEA
7.4.2,,,,,2,data equity,"Data equity refers to the fair and just access, use, and representation of data across different communities, ensuring that all groups benefit from data-driven insights and decisions.",Innovation Trends in Electrolysers for Hydrogen Production,,https://www.irena.org/Publications/2022/May/Innovation-Trends-in-Electrolysers-for-Hydrogen-Production,IRENA
7.4.2,,,,,3,deep learning,"Deep learning is a subset of machine learning that uses neural networks with many layers to analyze and learn from large amounts of data, enabling tasks like image and speech recognition.",Clean Aviation Highlights 2023: Towards Disruptive Technologies for Aircraft by 2035,,https://policycommons.net/artifacts/14524274/clean-aviation-highlights-2023-towards-disruptive-technologies-for-aircraft-by-2035/15424037/,Clean Aviation
8.1.1,Key Drivers of Future Energy Demand and System Transformation,Chapter 1: Future Trends and Projections ,Innovation in Sustainable Energy,"Explores macroeconomic trends, demographic shifts, and technological factors—such as digitalization, improved energy efficiency, and electrification of hard-to-abate sectors—that are reshaping energy demand. It emphasizes understanding how these drivers contribute to system transformation.",1,,,How Digitally Automated Demand Could Transform the Way We Use Energy,,https://www.carbontrust.com/en-eu/news-and-insights/insights/net-zero-in-conversation-how-digitally-automated-demand-could-transform-the-way-we-use-energy,Carbon Trust
8.1.1,,,,,2,,,Renewables 2023 Global Status Report Collection Energy Demand,,https://www.unep.org/resources/report/renewables-2023-global-status-report-collection-energy-demand,REN21
8.1.1,,,,,3,,,Digitalization: Accelerating the Electricity System Transformation.,,https://unece.org/sed/documents/2022/07/session-documents/digitalization-accelerating-electricity-system,UNECE
8.1.2,"The Changing Landscape of Energy Supply: Resources, Markets, and Policies",,,"Analyzes the interplay between renewable and fossil fuels, evolving supply chains, and government policies in energy sourcing. It examines how market dynamics, technological innovations, and geopolitical factors are redefining energy supply and resource management.",1,,,Financing Clean Energy in Africa,,https://www.undp.org/stories/harnessing-power-hydrogen,IRENA
8.1.2,,,,,2,,,The Changing Role of Hydropower: Challenges and Opportunities,,https://www.irena.org/Publications/2023/Feb/The-changing-role-of-hydropower-Challenges-and-opportunities,IRENA
8.1.2,,,,,3,,,Electricity Market Report 2023,,https://www.iea.org/reports/electricity-market-report-2023,IEA
8.1.3,"Challenges, Tipping Points and Solutions in Renewable Energy",,,"Discusses technical challenges like grid stability and renewable integration, as well as non-technical barriers such as cost constraints and public acceptance. It provides insights into critical tipping points and potential solutions through policy, market reforms, and technological innovation.",1,,,Maximizing Socioeconomic Benefits Triggered by Renewables,,http://www.unwomen.org/en/digital-library/publications/2013/5/guidance-note---sustainable-energy,IEA
8.1.3,,,,,2,,,Scaling Up Renewables in Landlocked Developing Countries,,https://www.irena.org/Publications/2022/Sep/Scaling-up-renewables-in-landlocked-developing-countries,IRENA
8.1.3,,,,,3,,,The Value of Urgent Action on Energy Efficiency,,https://www.carbontrust.com/en-eu/news-and-insights/insights/coal-transition-and-the-need-for-a-system-wide-approach,IEA
8.2.1,Policy and Market Mechanisms for Innovation,Chapter 2: Creating an Enabling Environment for an Innovation-Driven Energy Transition,,"Evaluates the impact of carbon pricing, emissions trading schemes, and government incentives on accelerating clean energy innovation. It details how market reforms and supportive policies drive investments in emerging energy technologies.",1,,,Renewable Energy Market Update June 2023,,https://www.iea.org/reports/renewable-energy-market-update-june-2023,IEA
8.2.1,,,,,2,,,Potential Limitations of Marginal Pricing for a Power System Based on Renewables,,https://www.irena.org/Technical-Papers/Potential-Limitations-of-Marginal-Pricing-for-a-Power-System-Based-on-Renewables,IRENA
8.2.1,,,,,3,,,Off-Grid Solar Market Trends Report 2022,,https://www.esmap.org/Off-Grid_Solar_Market_Trends_Report_2022,ESMAP
8.2.2,The Role of Emerging Sectors in Future Energy Systems,,,"Highlights how decentralized energy resources, electric vehicle integration, and niche technologies are reshaping future energy systems. The lesson explores community-based energy models, EV charging innovations, and emerging trends in battery technology and energy decentralization.",1,,,Decarbonising End-Use Sectors: Insights and Trends 2023,,https://www.irena.org/publications/2021/May/Decarbonising-end-use-sectors-green-hydrogen,IRENA
8.2.2,,,,,2,,,Explainer: How AI Helps Combat Climate Change,,https://news.un.org/en/story/2023/11/1143187,UN
8.2.2,,,,,3,,,The Potential of Hydrogen-based Solutions to Realize a Net-Zero Future Explored at 2021 UNDP Hydrogen Industry Conference,,"https://www.undp.org/china/press-releases/potential-hydrogen-based-solutions-realize-net-zero-future-explored-2021-undp-hydrogen-industry-conference#:~:text=UNDP's%20focus%20will%20be%20on,towards%20a%20net%2Dzero%20pathway.",UNDP
8.2.3,Intersectionality as a Framework for Innovation in Energy,,,"Investigates how incorporating diverse perspectives—considering gender, socioeconomic status, and geography—can lead to more inclusive energy solutions. It discusses how intersectional approaches foster equitable policies and innovation in energy systems.",1,,,Independent Evaluation of Green Climate Fund's Energy Sector Portfolio and Approach,,https://www.unido.org/fileadmin/user_media_upgrade/What_we_do/Topics/Energy_access/UNIDO_ENERGY_Branch_2015.pdf,UN Women
8.2.3,,,,,2,,,"The impact of clean energy consumption, green innovation, and technological diffusion on environmental sustainability: New evidence from load capacity curve hypothesis for 10 European Union countries",,https://onlinelibrary.wiley.com/doi/abs/10.1002/sd.2794,Wiley
8.2.3,,,,,3,,,Trade and Development Report Update 2024,,https://openknowledge.worldbank.org/entities/publication/4020f27e-341c-4883-a3ad-b603fc82cb48,UNEP
8.2.4,Critical Transformations for the Energy Transition,,,"Addresses the need for infrastructure modernization, resilient supply chains, and circular economy practices in the energy sector. The lesson emphasizes upgrading grid systems, diversifying supply sources, and promoting sustainable resource use as key transformation drivers.",1,,,Critical Materials for the Energy Transition: Lithium,,https://www.irena.org/Technical-Papers/Critical-Materials-For-The-Energy-Transition-Lithium,IEA
8.2.4,,,,,2,,,Power Sector Implementation of a Country Coal-to-Clean Transition,,https://rmi.org/insight/power-sector-implementation-of-a-country-coal-to-clean-transition/,RMI
8.2.4,,,,,3,,,Global Energy Transformation Guide: Market Structures,,https://rmi.org/insight/global-energy-transformation-guide-market-structures/,RMI
8.3.1,Actionable Steps Toward a Sustainable Energy Future,Chapter 3: Action,,"Presents practical policy recommendations, industry strategies, and community initiatives aimed at accelerating the clean energy transition. It offers a roadmap for aligning national policies, addressing financing gaps, and enhancing public engagement for a sustainable future.",1,,,ECA and Partners Train Experts on Energy Modelling Tools for Efficient Energy Systems,,"https://www.ren21.net/gsr-2024/#:~:text=RENEWABLES%20GLOBAL%20STATUS%20REPORT%202024%20COLLECTION&text=In%20addition%20to%20providing%20a,%2C%20industry%2C%20transport%20and%20agriculture.",IRENA
8.3.1,,,,,2,,,Implementing Clean Energy Transitions,,https://www.iea.org/reports/security-of-clean-energy-transitions-2022,IEA
8.3.1,,,,,3,,,World Investment Report 2023: Investing in Sustainable Energy for All,,https://www.iea.org/reports/energy-access-and-air-pollution,UNEP
8.3.2,Partnership Ecosystems for Sustainable Energy,Partnerships for Collaboration and Development,,,1,,,Advancing Green Hydrogen Production from Solar and Wind Power Sources and Potential Uses in Viet Nam,,https://www.irena.org/Publications/2022/May/Innovation-Outlook-Renewable-Ammonia,Rocky Mountain Institute
8.3.2,,,,,2,,,UNEP 2023 Annual Report: Keeping the Promise,,https://www.unep.org/annualreport/2023,UNEP
8.3.2,,,,,3,,,System Planning Test SPLAT Models for Africa,,https://www.iea.org/reports/guidebook-for-improved-electricity-access-statistics,Alliance for Rural Electrification
8.3.3,Closing key messages and call to action,,,,1,,,Green Public Procurement: Catalysing the Net Zero Economy,,https://www.nrel.gov/news/program/2025/vast-federal-lands-have-potential-for-renewable-energy-but-only-a-small-fraction-is-needed.html,IRENA
8.3.3,,,,,2,,,World Energy Outlook 2022,,https://www.iea.org/reports/world-energy-outlook-2022,IEA
8.3.3,,,,,3,,,How Digital Technology and Innovation can Help Protect the Planet,,https://unctad.org/publication/trade-and-development-report-update-april-2024,RMI